LEU	LEU_0_Vdw	LEU_0_Elec	LEU_1_Vdw	LEU_1_Elec	LEU_2_Vdw	LEU_2_Elec	LEU_3_Vdw	LEU_3_Elec	LEU_4_Vdw	LEU_4_Elec	LEU_5_Vdw	LEU_5_Elec	LEU_6_Vdw	LEU_6_Elec	LEU_7_Vdw	LEU_7_Elec	LEU_8_Vdw	LEU_8_Elec	LEU_9_Vdw	LEU_9_Elec	LEU_10_Vdw	LEU_10_Elec	LEU_11_Vdw	LEU_11_Elec	LEU_12_Vdw	LEU_12_Elec	LEU_13_Vdw	LEU_13_Elec	LEU_14_Vdw	LEU_14_Elec	LEU_15_Vdw	LEU_15_Elec	LEU_16_Vdw	LEU_16_Elec	LEU_17_Vdw	LEU_17_Elec	LEU_18_Vdw	LEU_18_Elec	LEU_19_Vdw	LEU_19_Elec	LEU_20_Vdw	LEU_20_Elec	LEU_21_Vdw	LEU_21_Elec	LEU_22_Vdw	LEU_22_Elec	LEU_23_Vdw	LEU_23_Elec	LEU_24_Vdw	LEU_24_Elec	LEU_25_Vdw	LEU_25_Elec	LEU_26_Vdw	LEU_26_Elec
LEU_0	-0.3031	0.0021	-0.298	0.0021	-0.2894	0.0022	-0.3054	0.0021	-0.3038	0.0021	-0.2987	0.0021	-0.3039	0.0021	-0.3053	0.0021	-0.3036	0.0021	-0.2794	0.0021	-0.2697	0.0021	-0.2602	0.0021	-0.2935	0.0022	-0.2868	0.0022	-0.278	0.0021	-0.3012	0.0022	-0.2988	0.0021	-0.2924	0.0021	-0.1284	0.0022	-0.137	0.0022	-0.1525	0.0022	-0.1391	0.0022	-0.1454	0.0022	-0.1582	0.0022	-0.1487	0.0022	-0.1516	0.0022	-0.1605	0.0022
LEU_1	-0.3387	0.0021	-0.3333	0.0021	-0.3239	0.0021	-0.341	0.0021	-0.3395	0.0021	-0.3339	0.0021	-0.3388	0.0021	-0.3408	0.0021	-0.3391	0.0021	-0.3123	0.0021	-0.3011	0.0021	-0.2895	0.0021	-0.3277	0.0021	-0.3203	0.0021	-0.3098	0.0021	-0.3361	0.0021	-0.3335	0.0021	-0.326	0.0021	-0.1392	0.0022	-0.1483	0.0022	-0.1652	0.0022	-0.1509	0.0022	-0.1574	0.0022	-0.1713	0.0022	-0.1612	0.0022	-0.1641	0.0022	-0.1738	0.0022
LEU_2	-0.372	0.002	-0.3665	0.002	-0.3565	0.002	-0.3741	0.002	-0.3729	0.002	-0.367	0.002	-0.3713	0.002	-0.374	0.002	-0.3723	0.002	-0.3433	0.0021	-0.3309	0.0021	-0.3172	0.0021	-0.3599	0.0021	-0.3517	0.0021	-0.3396	0.0021	-0.3687	0.0021	-0.3661	0.0021	-0.3575	0.0021	-0.1487	0.0022	-0.1582	0.0022	-0.176	0.0022	-0.1611	0.0022	-0.1678	0.0022	-0.1825	0.0022	-0.1721	0.0022	-0.1749	0.0022	-0.1851	0.0022
LEU_3	-0.301	0.0021	-0.2956	0.0021	-0.2865	0.0021	-0.3038	0.0021	-0.3018	0.0021	-0.2961	0.0021	-0.3028	0.0021	-0.3039	0.0021	-0.3015	0.0021	-0.2752	0.0021	-0.2652	0.0021	-0.2549	0.0021	-0.2898	0.0021	-0.2826	0.0021	-0.273	0.0021	-0.2984	0.0021	-0.2953	0.0021	-0.288	0.0021	-0.1236	0.0022	-0.1316	0.0022	-0.1462	0.0022	-0.1339	0.0022	-0.1398	0.0022	-0.1521	0.0022	-0.1431	0.0022	-0.146	0.0022	-0.1548	0.0022
LEU_4	-0.3332	0.0021	-0.3276	0.0021	-0.3178	0.0021	-0.3359	0.002	-0.3341	0.002	-0.328	0.0021	-0.3344	0.002	-0.3361	0.002	-0.3337	0.002	-0.3049	0.0021	-0.2935	0.0021	-0.2812	0.0021	-0.3206	0.0021	-0.3127	0.0021	-0.3014	0.0021	-0.3299	0.0021	-0.3267	0.0021	-0.3181	0.0021	-0.133	0.0022	-0.1412	0.0022	-0.1569	0.0022	-0.144	0.0022	-0.15	0.0022	-0.1632	0.0022	-0.1538	0.0022	-0.1566	0.0022	-0.166	0.0022
LEU_5	-0.3615	0.002	-0.3559	0.002	-0.3456	0.002	-0.364	0.002	-0.3625	0.002	-0.3562	0.002	-0.3619	0.002	-0.3643	0.002	-0.3619	0.002	-0.331	0.0021	-0.3186	0.0021	-0.3044	0.0021	-0.3478	0.0021	-0.3393	0.0021	-0.3264	0.0021	-0.3575	0.002	-0.3542	0.002	-0.3446	0.002	-0.1408	0.0022	-0.1491	0.0022	-0.1654	0.0022	-0.1523	0.0022	-0.1583	0.0022	-0.1719	0.0022	-0.1625	0.0022	-0.1652	0.0022	-0.1749	0.0022
LEU_6	-0.2911	0.0021	-0.2857	0.0021	-0.2765	0.0021	-0.2942	0.0021	-0.292	0.0021	-0.286	0.0021	-0.2936	0.0021	-0.2945	0.0021	-0.2917	0.0021	-0.2645	0.0021	-0.2547	0.0021	-0.2441	0.0021	-0.2788	0.0021	-0.2716	0.0021	-0.2616	0.0021	-0.2879	0.0021	-0.2844	0.0021	-0.2765	0.0021	-0.1169	0.0022	-0.124	0.0022	-0.1374	0.0022	-0.1265	0.0022	-0.1317	0.0022	-0.1431	0.0022	-0.135	0.0022	-0.1377	0.0022	-0.1461	0.0022
LEU_7	-0.3186	0.002	-0.3131	0.002	-0.3034	0.0021	-0.3216	0.002	-0.3197	0.002	-0.3133	0.002	-0.3206	0.002	-0.3221	0.002	-0.3192	0.002	-0.2897	0.0021	-0.2788	0.0021	-0.2664	0.0021	-0.3051	0.0021	-0.2972	0.0021	-0.2858	0.0021	-0.3147	0.0021	-0.3112	0.0021	-0.3021	0.0021	-0.1247	0.0022	-0.1319	0.0022	-0.146	0.0022	-0.1347	0.0022	-0.1401	0.0022	-0.152	0.0022	-0.1437	0.0022	-0.1463	0.0022	-0.1551	0.0022
LEU_8	-0.3409	0.002	-0.3357	0.002	-0.3256	0.002	-0.3437	0.002	-0.3422	0.002	-0.3358	0.002	-0.3423	0.002	-0.3444	0.002	-0.3416	0.002	-0.3104	0.002	-0.2988	0.002	-0.285	0.002	-0.3265	0.0021	-0.3183	0.002	-0.3056	0.002	-0.3365	0.002	-0.333	0.002	-0.323	0.002	-0.1308	0.0021	-0.1379	0.0021	-0.1523	0.0021	-0.1411	0.0021	-0.1463	0.0021	-0.1585	0.0021	-0.1504	0.0021	-0.1527	0.0021	-0.1617	0.0021
LEU_9	-0.2991	0.0022	-0.295	0.0022	-0.2864	0.0022	-0.3019	0.0022	-0.3007	0.0022	-0.2949	0.0022	-0.3014	0.0022	-0.3029	0.0022	-0.2999	0.0022	-0.2729	0.0021	-0.2646	0.0021	-0.2531	0.0021	-0.2859	0.0022	-0.2802	0.0021	-0.2696	0.0021	-0.2943	0.0022	-0.2921	0.0022	-0.2836	0.0021	-0.1177	0.0022	-0.123	0.0022	-0.1342	0.0022	-0.1262	0.0022	-0.13	0.0022	-0.1395	0.0022	-0.1338	0.0022	-0.1353	0.0022	-0.1424	0.0022
LEU_10	-0.2479	0.0022	-0.244	0.0022	-0.2367	0.0022	-0.2507	0.0022	-0.2491	0.0022	-0.244	0.0022	-0.2511	0.0022	-0.2515	0.0022	-0.2485	0.0022	-0.2265	0.0022	-0.2202	0.0021	-0.2119	0.0021	-0.2371	0.0022	-0.2327	0.0022	-0.225	0.0021	-0.244	0.0022	-0.2423	0.0022	-0.2361	0.0022	-0.1032	0.0022	-0.108	0.0022	-0.1177	0.0022	-0.1106	0.0023	-0.1141	0.0023	-0.1223	0.0023	-0.1172	0.0023	-0.1188	0.0023	-0.1249	0.0023
LEU_11	-0.2136	0.0022	-0.2101	0.0022	-0.2041	0.0022	-0.2162	0.0022	-0.2145	0.0022	-0.2102	0.0022	-0.2165	0.0022	-0.2165	0.0022	-0.214	0.0022	-0.1964	0.0022	-0.1914	0.0022	-0.1852	0.0021	-0.2052	0.0022	-0.2019	0.0022	-0.1961	0.0022	-0.2108	0.0022	-0.2096	0.0022	-0.2052	0.0022	-0.0938	0.0023	-0.0983	0.0023	-0.1071	0.0023	-0.1005	0.0023	-0.1038	0.0023	-0.1112	0.0023	-0.1065	0.0023	-0.108	0.0023	-0.1134	0.0023
LEU_12	-0.2529	0.0022	-0.2497	0.0022	-0.2429	0.0022	-0.2552	0.0022	-0.2542	0.0022	-0.2496	0.0022	-0.2549	0.0022	-0.256	0.0022	-0.2535	0.0022	-0.2322	0.0022	-0.2263	0.0021	-0.2174	0.0021	-0.2422	0.0022	-0.2385	0.0022	-0.2304	0.0021	-0.2487	0.0022	-0.2477	0.0022	-0.2413	0.0022	-0.103	0.0022	-0.1072	0.0022	-0.1161	0.0022	-0.11	0.0022	-0.1128	0.0023	-0.1204	0.0022	-0.1162	0.0023	-0.1172	0.0023	-0.1229	0.0023
LEU_13	-0.2146	0.0022	-0.2116	0.0022	-0.2057	0.0022	-0.2169	0.0022	-0.2156	0.0022	-0.2115	0.0022	-0.217	0.0022	-0.2174	0.0022	-0.215	0.0022	-0.1975	0.0022	-0.1928	0.0021	-0.1862	0.0021	-0.2059	0.0022	-0.2029	0.0022	-0.1969	0.0022	-0.2113	0.0022	-0.2105	0.0022	-0.2059	0.0022	-0.0922	0.0023	-0.0961	0.0023	-0.1041	0.0023	-0.0984	0.0023	-0.1012	0.0023	-0.108	0.0023	-0.104	0.0023	-0.1051	0.0023	-0.1101	0.0023
LEU_14	-0.1916	0.0022	-0.1888	0.0022	-0.1837	0.0022	-0.1936	0.0022	-0.1923	0.0022	-0.1888	0.0022	-0.1937	0.0022	-0.1939	0.0022	-0.1919	0.0022	-0.1771	0.0022	-0.1731	0.0022	-0.1678	0.0022	-0.1846	0.0022	-0.182	0.0022	-0.1772	0.0022	-0.1891	0.0022	-0.1886	0.0022	-0.185	0.0022	-0.0857	0.0023	-0.0896	0.0023	-0.0971	0.0023	-0.0916	0.0023	-0.0944	0.0023	-0.1007	0.0023	-0.0969	0.0023	-0.098	0.0023	-0.1027	0.0023
LEU_15	-0.2119	0.0022	-0.2096	0.0022	-0.2043	0.0022	-0.2136	0.0022	-0.2129	0.0022	-0.2093	0.0022	-0.2133	0.0022	-0.2142	0.0022	-0.2122	0.0022	-0.196	0.0022	-0.192	0.0021	-0.1854	0.0021	-0.2036	0.0022	-0.2013	0.0022	-0.1955	0.0022	-0.2083	0.0022	-0.2083	0.0022	-0.2038	0.0022	-0.0899	0.0022	-0.0932	0.0022	-0.1003	0.0022	-0.0956	0.0023	-0.0977	0.0023	-0.1038	0.0023	-0.1006	0.0023	-0.1013	0.0023	-0.1057	0.0023
LEU_16	-0.1856	0.0022	-0.1832	0.0022	-0.1786	0.0022	-0.1873	0.0022	-0.1863	0.0022	-0.1831	0.0022	-0.1872	0.0022	-0.1876	0.0022	-0.1858	0.0022	-0.1719	0.0022	-0.1685	0.0021	-0.1633	0.0021	-0.1786	0.0022	-0.1766	0.0022	-0.172	0.0022	-0.1827	0.0022	-0.1826	0.0022	-0.1792	0.0022	-0.0821	0.0022	-0.0853	0.0022	-0.092	0.0022	-0.0875	0.0023	-0.0896	0.0023	-0.0952	0.0023	-0.0921	0.0023	-0.0929	0.0023	-0.097	0.0023
LEU_17	-0.1714	0.0022	-0.1691	0.0022	-0.1648	0.0022	-0.173	0.0022	-0.172	0.0022	-0.169	0.0022	-0.1729	0.0022	-0.1732	0.0022	-0.1715	0.0022	-0.1591	0.0022	-0.156	0.0021	-0.1515	0.0021	-0.1654	0.0022	-0.1635	0.0022	-0.1596	0.0022	-0.1691	0.0022	-0.169	0.0022	-0.1661	0.0022	-0.078	0.0022	-0.0813	0.0022	-0.0878	0.0022	-0.0832	0.0023	-0.0855	0.0023	-0.0909	0.0023	-0.0877	0.0023	-0.0886	0.0023	-0.0926	0.0023
