LEU	ARG_0_Vdw	ARG_0_Elec	ARG_1_Vdw	ARG_1_Elec	ARG_2_Vdw	ARG_2_Elec	ARG_3_Vdw	ARG_3_Elec	ARG_4_Vdw	ARG_4_Elec	ARG_5_Vdw	ARG_5_Elec	ARG_6_Vdw	ARG_6_Elec	ARG_7_Vdw	ARG_7_Elec	ARG_8_Vdw	ARG_8_Elec	ARG_9_Vdw	ARG_9_Elec	ARG_10_Vdw	ARG_10_Elec	ARG_11_Vdw	ARG_11_Elec	ARG_12_Vdw	ARG_12_Elec	ARG_13_Vdw	ARG_13_Elec	ARG_14_Vdw	ARG_14_Elec	ARG_15_Vdw	ARG_15_Elec	ARG_16_Vdw	ARG_16_Elec	ARG_17_Vdw	ARG_17_Elec	ARG_18_Vdw	ARG_18_Elec	ARG_19_Vdw	ARG_19_Elec	ARG_20_Vdw	ARG_20_Elec	ARG_21_Vdw	ARG_21_Elec	ARG_22_Vdw	ARG_22_Elec	ARG_23_Vdw	ARG_23_Elec	ARG_24_Vdw	ARG_24_Elec	ARG_25_Vdw	ARG_25_Elec	ARG_26_Vdw	ARG_26_Elec	ARG_27_Vdw	ARG_27_Elec	ARG_28_Vdw	ARG_28_Elec	ARG_29_Vdw	ARG_29_Elec	ARG_30_Vdw	ARG_30_Elec	ARG_31_Vdw	ARG_31_Elec	ARG_32_Vdw	ARG_32_Elec	ARG_33_Vdw	ARG_33_Elec	ARG_34_Vdw	ARG_34_Elec	ARG_35_Vdw	ARG_35_Elec	ARG_36_Vdw	ARG_36_Elec	ARG_37_Vdw	ARG_37_Elec	ARG_38_Vdw	ARG_38_Elec	ARG_39_Vdw	ARG_39_Elec	ARG_40_Vdw	ARG_40_Elec	ARG_41_Vdw	ARG_41_Elec	ARG_42_Vdw	ARG_42_Elec	ARG_43_Vdw	ARG_43_Elec	ARG_44_Vdw	ARG_44_Elec	ARG_45_Vdw	ARG_45_Elec	ARG_46_Vdw	ARG_46_Elec	ARG_47_Vdw	ARG_47_Elec	ARG_48_Vdw	ARG_48_Elec	ARG_49_Vdw	ARG_49_Elec	ARG_50_Vdw	ARG_50_Elec	ARG_51_Vdw	ARG_51_Elec	ARG_52_Vdw	ARG_52_Elec	ARG_53_Vdw	ARG_53_Elec	ARG_54_Vdw	ARG_54_Elec	ARG_55_Vdw	ARG_55_Elec	ARG_56_Vdw	ARG_56_Elec	ARG_57_Vdw	ARG_57_Elec	ARG_58_Vdw	ARG_58_Elec	ARG_59_Vdw	ARG_59_Elec	ARG_60_Vdw	ARG_60_Elec	ARG_61_Vdw	ARG_61_Elec	ARG_62_Vdw	ARG_62_Elec	ARG_63_Vdw	ARG_63_Elec	ARG_64_Vdw	ARG_64_Elec	ARG_65_Vdw	ARG_65_Elec	ARG_66_Vdw	ARG_66_Elec	ARG_67_Vdw	ARG_67_Elec	ARG_68_Vdw	ARG_68_Elec	ARG_69_Vdw	ARG_69_Elec	ARG_70_Vdw	ARG_70_Elec	ARG_71_Vdw	ARG_71_Elec	ARG_72_Vdw	ARG_72_Elec	ARG_73_Vdw	ARG_73_Elec	ARG_74_Vdw	ARG_74_Elec	ARG_75_Vdw	ARG_75_Elec	ARG_76_Vdw	ARG_76_Elec	ARG_77_Vdw	ARG_77_Elec	ARG_78_Vdw	ARG_78_Elec	ARG_79_Vdw	ARG_79_Elec	ARG_80_Vdw	ARG_80_Elec	ARG_81_Vdw	ARG_81_Elec	ARG_82_Vdw	ARG_82_Elec	ARG_83_Vdw	ARG_83_Elec	ARG_84_Vdw	ARG_84_Elec	ARG_85_Vdw	ARG_85_Elec	ARG_86_Vdw	ARG_86_Elec	ARG_87_Vdw	ARG_87_Elec	ARG_88_Vdw	ARG_88_Elec	ARG_89_Vdw	ARG_89_Elec	ARG_90_Vdw	ARG_90_Elec	ARG_91_Vdw	ARG_91_Elec	ARG_92_Vdw	ARG_92_Elec	ARG_93_Vdw	ARG_93_Elec	ARG_94_Vdw	ARG_94_Elec	ARG_95_Vdw	ARG_95_Elec	ARG_96_Vdw	ARG_96_Elec	ARG_97_Vdw	ARG_97_Elec	ARG_98_Vdw	ARG_98_Elec	ARG_99_Vdw	ARG_99_Elec	ARG_100_Vdw	ARG_100_Elec	ARG_101_Vdw	ARG_101_Elec	ARG_102_Vdw	ARG_102_Elec	ARG_103_Vdw	ARG_103_Elec	ARG_104_Vdw	ARG_104_Elec	ARG_105_Vdw	ARG_105_Elec	ARG_106_Vdw	ARG_106_Elec	ARG_107_Vdw	ARG_107_Elec	ARG_108_Vdw	ARG_108_Elec	ARG_109_Vdw	ARG_109_Elec	ARG_110_Vdw	ARG_110_Elec	ARG_111_Vdw	ARG_111_Elec	ARG_112_Vdw	ARG_112_Elec	ARG_113_Vdw	ARG_113_Elec	ARG_114_Vdw	ARG_114_Elec	ARG_115_Vdw	ARG_115_Elec	ARG_116_Vdw	ARG_116_Elec	ARG_117_Vdw	ARG_117_Elec	ARG_118_Vdw	ARG_118_Elec	ARG_119_Vdw	ARG_119_Elec	ARG_120_Vdw	ARG_120_Elec	ARG_121_Vdw	ARG_121_Elec	ARG_122_Vdw	ARG_122_Elec	ARG_123_Vdw	ARG_123_Elec	ARG_124_Vdw	ARG_124_Elec	ARG_125_Vdw	ARG_125_Elec	ARG_126_Vdw	ARG_126_Elec	ARG_127_Vdw	ARG_127_Elec	ARG_128_Vdw	ARG_128_Elec	ARG_129_Vdw	ARG_129_Elec	ARG_130_Vdw	ARG_130_Elec	ARG_131_Vdw	ARG_131_Elec	ARG_132_Vdw	ARG_132_Elec	ARG_133_Vdw	ARG_133_Elec	ARG_134_Vdw	ARG_134_Elec	ARG_135_Vdw	ARG_135_Elec	ARG_136_Vdw	ARG_136_Elec	ARG_137_Vdw	ARG_137_Elec	ARG_138_Vdw	ARG_138_Elec	ARG_139_Vdw	ARG_139_Elec	ARG_140_Vdw	ARG_140_Elec	ARG_141_Vdw	ARG_141_Elec	ARG_142_Vdw	ARG_142_Elec	ARG_143_Vdw	ARG_143_Elec	ARG_144_Vdw	ARG_144_Elec	ARG_145_Vdw	ARG_145_Elec	ARG_146_Vdw	ARG_146_Elec	ARG_147_Vdw	ARG_147_Elec	ARG_148_Vdw	ARG_148_Elec	ARG_149_Vdw	ARG_149_Elec	ARG_150_Vdw	ARG_150_Elec	ARG_151_Vdw	ARG_151_Elec	ARG_152_Vdw	ARG_152_Elec	ARG_153_Vdw	ARG_153_Elec	ARG_154_Vdw	ARG_154_Elec	ARG_155_Vdw	ARG_155_Elec	ARG_156_Vdw	ARG_156_Elec	ARG_157_Vdw	ARG_157_Elec	ARG_158_Vdw	ARG_158_Elec	ARG_159_Vdw	ARG_159_Elec	ARG_160_Vdw	ARG_160_Elec	ARG_161_Vdw	ARG_161_Elec	ARG_162_Vdw	ARG_162_Elec	ARG_163_Vdw	ARG_163_Elec	ARG_164_Vdw	ARG_164_Elec	ARG_165_Vdw	ARG_165_Elec	ARG_166_Vdw	ARG_166_Elec	ARG_167_Vdw	ARG_167_Elec	ARG_168_Vdw	ARG_168_Elec	ARG_169_Vdw	ARG_169_Elec	ARG_170_Vdw	ARG_170_Elec	ARG_171_Vdw	ARG_171_Elec	ARG_172_Vdw	ARG_172_Elec	ARG_173_Vdw	ARG_173_Elec	ARG_174_Vdw	ARG_174_Elec	ARG_175_Vdw	ARG_175_Elec
LEU_0	154.8601	0.0481	75.2843	0.0457	18.8017	0.0431	219.9959	0.0492	202.9805	0.0471	74.4881	0.0446	139.4188	0.05	259.017	0.0481	181.9082	0.0459	1542.6561	0.0373	110.6048	0.0533	10.0481	0.0495	1411.3885	0.0383	298.6538	0.0524	50.8277	0.0516	1092.3952	0.0394	508.1354	0.0505	150.861	0.0537	29152.1876	0.0638	653791943.9246	-0.2307	16370365.7458	0.034	787797624.3285	-0.3336	251861244.706	-0.0082	-0.9902	0.0377	-1.2827	0.04	-1.5191	0.0421	-0.8857	0.037	-1.1434	0.0392	-1.3995	0.0409	-0.8012	0.0365	-1.0238	0.0384	-1.2576	0.0399	178.9084	0.0414	98.1999	0.0421	126.6653	0.0449	299.0554	0.0408	250.7946	0.0415	123.0226	0.0423	163.4852	0.0399	279.7911	0.0412	237.5797	0.0423	24855.1154	0.0555	9122.8545	0.0495	2564.0033	0.0512	20487028.405	-0.0779	331757.2115	0.0343	73437.33	0.0797	240837079069.0296	-0.5585	11231524698.158	-0.3901	24912824.5283	-0.1337	-0.8733	0.0356	-1.0264	0.0372	-1.272	0.0391	-0.8519	0.0355	-1.0151	0.0372	-1.2473	0.0393	-0.8115	0.0356	-0.9707	0.0374	-1.1904	0.0395	181.1763	0.0576	1327.3875	0.0455	140.1149	0.0466	301.3756	0.0542	979.6335	0.0498	312.566	0.0465	139.0439	0.0505	753.8633	0.0533	795.8982	0.0466	7724085.2769	-0.0743	922138159.4268	-0.2708	953459988.6994	-0.2406	808663.0121	0.1285	1918249.6737	0.036	782247032.5719	-0.2213	24557.0427	0.034	94478.7553	0.0686	265624.5747	0.1185	229.9551	0.0432	144.7977	0.0432	58.666	0.0432	264.1734	0.043	296.021	0.0437	172.7134	0.0437	125.3199	0.0421	253.9842	0.0434	271.6036	0.044	163.5205	0.0434	163.0562	0.043	72.2933	0.0422	133.5074	0.0435	246.9609	0.0434	198.7837	0.0429	56.6792	0.0438	161.3805	0.0434	257.0927	0.0432	-0.7215	0.0339	-0.818	0.035	-0.9383	0.036	-0.6504	0.0332	-0.7515	0.0342	-0.8607	0.0352	-0.5908	0.0326	-0.6824	0.0335	-0.7725	0.0345	-1.1941	0.0368	-1.1727	0.0363	-1.1288	0.0359	-0.9799	0.0358	-0.984	0.0353	-0.9769	0.0349	-0.8201	0.0348	-0.8346	0.0344	-0.8402	0.034	18031197.7672	0.2201	8986084.7923	0.0296	4808928698.0078	-1.0261	34573901604.7532	0.5519	771426.8921	-0.047	3786270.5969	-0.0754	2873164448011.2417	0.8596	40420.3353	-0.0251	2667356416.7586	0.3951	-1.5888	0.0432	-1.637	0.0451	-0.8532	0.0476	-1.5263	0.0398	-1.6902	0.0408	-1.6921	0.0422	-1.3499	0.0364	-1.5026	0.0369	-1.6831	0.0375	8113346.4707	-0.0443	36317930.2829	0.2531	6275.5063	-0.0418	140002.0069	0.0943	27402147.1972	0.1239	1280.5254	-0.0366	6597.8442	0.079	27662.8016	-0.0033	129.9585	0.0095	-0.9264	0.0369	1.366	0.0404	944.6313	0.0456	-0.8597	0.0366	0.6981	0.0399	376.1168	0.0443	-0.8145	0.0365	0.3454	0.0396	159.1625	0.0437	-0.9705	0.0333	-1.2703	0.0351	-1.6485	0.0373	-0.8534	0.0323	-1.0523	0.0338	-1.3618	0.0357	-0.7604	0.0313	-0.8715	0.0327	-1.0822	0.0344	-1.5414	0.0389	-1.5977	0.0391	-1.3637	0.0389	-1.541	0.0373	-1.6223	0.0371	-1.5752	0.0365	-1.4886	0.0363	-1.5823	0.0363	-1.6665	0.0361	9.3657	0.036	139.0448	0.0377	1965.1745	0.0363	-0.1027	0.0352	14.7085	0.0348	153.5922	0.0315	-1.3139	0.0355	-0.0502	0.0362	13.3885	0.0353
LEU_1	345.7771	0.0483	201.9881	0.046	53.0478	0.0434	328.0841	0.0491	431.9103	0.0472	199.2488	0.0449	136.0063	0.0496	354.1603	0.0478	369.8891	0.0459	2395.7575	0.0358	199.7333	0.0558	29.9468	0.0494	2170.8351	0.0357	489.004	0.0553	140.9934	0.0516	1671.3171	0.036	520.778	0.0534	326.0818	0.0536	135826.1564	0.0737	228617434.3755	-0.0318	200161548.0977	-0.094	249399939.6576	-0.4765	563898126.8193	0.208	-1.0029	0.0377	-1.296	0.0401	-1.3986	0.0424	-0.8958	0.037	-1.1571	0.0392	-1.3572	0.0412	-0.8092	0.0365	-1.0358	0.0385	-1.2473	0.0402	419.1683	0.0416	229.0505	0.042	128.152	0.0436	450.3663	0.0412	514.6026	0.0424	289.1189	0.0434	144.9655	0.04	339.8935	0.0419	408.3745	0.0433	181005.4404	0.0604	65044.4714	0.0704	14366.6318	0.0729	53259252890.6114	-0.4668	29159758.073	-0.1118	516502.5747	0.0323	293819835.8176	-0.1079	9817852107.0126	-0.3473	494838434.237	-0.2535	-0.91	0.0355	-1.0739	0.0371	-1.3163	0.0391	-0.8655	0.0355	-1.0306	0.0372	-1.2594	0.0392	-0.815	0.0355	-0.973	0.0373	-1.1893	0.0395	450.555	0.0609	2530.9025	0.0419	122.9512	0.0477	464.9285	0.0572	1949.9077	0.0467	296.9768	0.0478	121.7007	0.0528	1268.5684	0.0509	744.5665	0.0473	1947653.6306	0.0282	761817703.0366	-0.2435	1533125302166.5618	-0.7633	268889.2297	0.1013	4453821.2118	0.1698	5414333.1706	0.0499	96061.2672	0.0299	126436.5218	0.0015	244363.0606	0.0667	473.4921	0.0441	360.6906	0.0443	150.3397	0.044	343.408	0.0433	530.3368	0.0443	401.8889	0.0445	104.1778	0.0421	278.7506	0.0436	421.452	0.0445	282.753	0.0436	372.0194	0.0433	195.4434	0.0425	148.0653	0.0436	376.1634	0.0434	426.0528	0.0431	45.0929	0.0441	156.1439	0.0432	354.3348	0.0431	-0.7282	0.0338	-0.8451	0.0349	-0.9726	0.036	-0.6542	0.0331	-0.7627	0.0341	-0.8723	0.0351	-0.5933	0.0325	-0.6868	0.0335	-0.7756	0.0344	-1.185	0.0369	-1.1783	0.0364	-1.152	0.0359	-0.9724	0.0358	-0.9826	0.0353	-0.9812	0.0349	-0.817	0.0348	-0.8329	0.0344	-0.8391	0.034	383541.1512	0.0937	2179522.0636	0.033	59252220.566	-0.541	47740713.5668	0.2067	85884.1822	-0.054	7551470.8909	0.0288	1541843415386.9304	0.7693	8131.3736	-0.0295	357496.1592	0.0969	-1.6404	0.0413	-1.6712	0.0429	-0.9208	0.0452	-1.5628	0.0372	-1.7151	0.0379	-1.7091	0.0387	-1.3695	0.0353	-1.5075	0.0359	-1.6744	0.0366	366389.8422	0.0417	102468099.3518	0.3366	9690.8804	-0.0803	15495.0519	0.084	467041.4443	0.0387	1118.4686	-0.0288	1376.6271	0.0647	2778.5609	-0.003	109.3166	0.0256	-0.9274	0.0371	2.3947	0.0412	2609.262	0.0424	-0.8583	0.0368	1.2918	0.0405	957.7399	0.0423	-0.8112	0.0367	0.6914	0.04	370.9873	0.0423	-0.9774	0.0331	-1.2696	0.0349	-1.6569	0.0371	-0.8586	0.0322	-1.0429	0.0337	-1.3454	0.0356	-0.7708	0.0312	-0.8659	0.0326	-1.0616	0.0343	-1.5903	0.037	-1.604	0.0367	-1.2602	0.0357	-1.593	0.0361	-1.6614	0.0359	-1.5993	0.0353	-1.535	0.0361	-1.6173	0.0364	-1.6975	0.0367	8.062	0.0353	100.2678	0.0343	846.4173	0.0292	-0.5462	0.036	8.1894	0.0359	68.7946	0.0325	-1.3729	0.0364	-0.9275	0.0376	4.6762	0.0374
LEU_2	507.3786	0.0485	411.612	0.0463	128.7903	0.0437	292.842	0.0489	577.8979	0.0471	392.5563	0.045	94.1598	0.0491	287.2694	0.047	467.8031	0.0454	2853.0721	0.0368	376.9885	0.0578	75.9529	0.0494	2512.0727	0.0349	630.9619	0.0577	300.2888	0.0515	2021.9679	0.0342	394.2855	0.056	452.3698	0.0531	1618815.7485	0.0912	80232794.0694	-0.154	87636660972.6175	-0.5086	287708845.906	-0.788	1077332239.7123	0.3931	-1.0144	0.0377	-1.2963	0.0402	-1.1474	0.0429	-0.9042	0.0371	-1.1641	0.0394	-1.2635	0.0416	-0.8151	0.0366	-1.0436	0.0387	-1.216	0.0405	661.8858	0.0423	458.1481	0.0431	194.7258	0.0448	395.9181	0.0417	653.8139	0.0435	513.1122	0.045	81.673	0.0401	243.8831	0.0422	420.9188	0.0441	3206425.6395	-0.0038	823161.2292	0.0883	207629.9294	0.1154	520009835172806.9	-1.4004	16664748947.6544	-0.4247	15877522.978	-0.1224	2708792.0929	0.0935	32600926.9817	-0.0293	74152662.8622	-0.1409	-0.9332	0.0354	-1.1049	0.0371	-1.3433	0.039	-0.8718	0.0354	-1.0371	0.0371	-1.261	0.0392	-0.8147	0.0355	-0.9706	0.0373	-1.1821	0.0394	867.2637	0.0639	3824.3167	0.0388	133.6106	0.0494	452.9933	0.0606	2957.52	0.0435	365.9909	0.0499	80.577	0.0558	1641.2933	0.048	691.9624	0.0491	40259439.7931	0.2308	9593121.0252	0.0251	17483857889.9387	-0.373	137125.935	0.0406	921140.2428	0.1121	7670421.4586	0.223	1013738.6134	0.0676	240842.345	-0.0385	1785486.1524	-0.0475	606.739	0.0445	634.2224	0.0451	328.423	0.0448	262.8071	0.0433	563.6499	0.0446	618.8559	0.0452	56.5159	0.0419	183.7692	0.0435	384.9205	0.0447	302.6512	0.0437	558.1088	0.0435	400.6489	0.0429	103.3087	0.0437	340.0224	0.0432	575.1518	0.0431	26.2474	0.0445	97.0226	0.043	289.3948	0.0427	-0.7333	0.0338	-0.8642	0.0349	-0.9983	0.0359	-0.657	0.0331	-0.7701	0.0341	-0.8803	0.0351	-0.5952	0.0325	-0.6896	0.0335	-0.7774	0.0344	-1.1824	0.037	-1.1837	0.0365	-1.1686	0.0359	-0.9724	0.0358	-0.9843	0.0354	-0.9849	0.0349	-0.8193	0.0348	-0.8343	0.0344	-0.8395	0.034	481453.2479	0.0265	373382.9799	0.0021	4233181.7877	-0.2697	1240928.6284	0.0422	21070.7734	-0.0767	444067.2762	-0.0069	83261057.7126	0.1652	6046.5841	-0.0689	16566.8687	0.0184	-1.6848	0.0385	-1.7156	0.0396	-1.0323	0.0412	-1.5885	0.0354	-1.7268	0.036	-1.7057	0.0366	-1.3798	0.0356	-1.5053	0.0364	-1.6609	0.0375	37385.1818	0.0663	6500112.7564	0.208	9393.9092	-0.0827	3044.1682	0.0751	18486.4391	0.004	790.5001	-0.0014	459.1447	0.0586	577.6901	0.0072	75.5991	0.0402	-0.9244	0.0373	2.9665	0.0424	6097.6857	0.0345	-0.8534	0.037	1.5016	0.0413	2047.4672	0.0373	-0.8047	0.0368	0.7205	0.0406	722.3872	0.0391	-0.981	0.033	-1.2574	0.0348	-1.6543	0.037	-0.8679	0.0321	-1.0333	0.0336	-1.324	0.0355	-0.7844	0.0311	-0.8672	0.0325	-1.0459	0.0343	-1.6364	0.0357	-1.629	0.0352	-1.2577	0.034	-1.6452	0.036	-1.7078	0.0361	-1.6594	0.0361	-1.5716	0.0367	-1.6422	0.0373	-1.7196	0.0381	5.3567	0.0364	56.3503	0.0347	324.1669	0.0283	-1.0634	0.0376	2.8357	0.0383	26.0426	0.036	-1.4209	0.0373	-1.492	0.039	0.4814	0.0395
LEU_3	121.0848	0.0463	107.9177	0.0445	41.3859	0.0425	93.2759	0.047	144.486	0.0452	93.3941	0.0435	58.4164	0.0482	100.1921	0.0458	113.9571	0.0441	553.6372	0.0408	145.1955	0.0487	26.2801	0.0493	457.4809	0.042	246.3541	0.0474	73.3952	0.0507	347.6712	0.0436	314.6984	0.0462	106.9414	0.0518	239325.567	0.0436	458155273.3572	-0.4614	4612167.5819	-0.0381	647951957.5562	-0.667	1111105754.1112	-0.4913	-0.9494	0.0371	-1.2363	0.0391	-1.5401	0.0405	-0.8542	0.0365	-1.1014	0.0383	-1.3763	0.0395	-0.7771	0.036	-0.988	0.0376	-1.2206	0.0386	159.4568	0.0405	130.4457	0.0407	122.0215	0.0412	119.2587	0.0393	164.9142	0.0403	126.6256	0.0408	41.9452	0.0382	90.5764	0.0396	113.9896	0.0407	36752.6511	0.0433	14712.7762	0.0439	4829.5175	0.0354	347993003.7254	-0.1995	2336183.8014	-0.0439	74961.3736	0.0182	82619379.1056	-0.136	188474890.9452	-0.1739	10506897.8179	-0.0999	-0.8881	0.0351	-1.0603	0.0368	-1.3048	0.0388	-0.8523	0.0351	-1.0195	0.0369	-1.2474	0.039	-0.8088	0.0353	-0.968	0.0371	-1.1845	0.0394	158.2555	0.0525	417.0335	0.0514	132.4201	0.048	117.9353	0.0482	374.2118	0.053	278.3669	0.0495	33.887	0.045	236.5989	0.0531	558.6176	0.0519	356812.9766	0.0182	30229907.7997	-0.1368	1243341634.9606	-0.3031	21134.9282	0.0822	101457.6195	0.0745	2875040.3889	-0.0422	3512.0039	0.0188	11208.4032	0.0423	27032.6139	0.0668	147.073	0.0423	156.6732	0.0428	93.8051	0.0424	88.3712	0.0413	152.7094	0.0424	146.1089	0.0426	31.5382	0.0404	75.5323	0.0418	114.0781	0.0424	82.981	0.0413	135.244	0.0411	104.5733	0.0409	49.6996	0.0416	106.413	0.0409	142.9239	0.0409	31.0851	0.0428	55.1056	0.041	99.9937	0.0406	-0.6995	0.0334	-0.8082	0.0345	-0.9389	0.0355	-0.6334	0.0327	-0.7353	0.0337	-0.8413	0.0347	-0.578	0.0322	-0.6663	0.0331	-0.7503	0.034	-1.1122	0.0363	-1.107	0.0358	-1.0945	0.0353	-0.922	0.0353	-0.9329	0.0348	-0.9364	0.0344	-0.7804	0.0343	-0.7969	0.0339	-0.805	0.0335	51110013.6293	0.3354	6444623.8038	-0.0375	10077799.6045	-0.3435	116124881.7004	0.3011	239595.9721	-0.0368	2462539906.2918	0.2923	6232984.4127	0.1481	19046.2842	0.0069	177325821.1836	0.3012	-1.523	0.0421	-1.6746	0.0438	-1.4994	0.0461	-1.4283	0.0387	-1.6086	0.0397	-1.7749	0.0409	-1.2452	0.0362	-1.3767	0.0368	-1.5626	0.0376	4645205.561	0.2387	3490051.9226	0.0157	2791.5534	-0.0449	53320.2276	0.1686	112070.6131	-0.1241	525.669	-0.0137	4423.2105	0.0777	4922.5023	-0.0458	83.0358	0.0281	-0.913	0.0361	-0.1034	0.0391	205.8358	0.0467	-0.8537	0.0359	-0.3275	0.039	92.1934	0.0455	-0.8152	0.0359	-0.4235	0.039	43.4076	0.0448	-0.9149	0.0328	-1.1809	0.0346	-1.5785	0.0367	-0.8176	0.0318	-0.9812	0.0333	-1.2692	0.0352	-0.7416	0.0308	-0.8283	0.0321	-1.0109	0.0338	-1.4916	0.0384	-1.5862	0.0386	-1.5314	0.0384	-1.4762	0.0372	-1.5817	0.0372	-1.656	0.0371	-1.4003	0.0365	-1.4881	0.0368	-1.6034	0.0371	4.5647	0.0365	92.8195	0.037	1103.5612	0.0315	-0.6659	0.0362	9.5549	0.0364	108.7543	0.032	-1.2773	0.0362	-0.517	0.0375	9.1186	0.0372
LEU_4	176.0834	0.0462	209.8143	0.0445	95.4659	0.0425	95.3251	0.0467	198.1416	0.0449	175.996	0.0432	64.4552	0.0477	96.3997	0.0451	150.1787	0.0434	1135.4877	0.0373	240.5943	0.0504	63.6586	0.0494	921.2464	0.0383	299.643	0.0487	148.343	0.0508	720.3313	0.04	301.1312	0.0468	150.5804	0.0516	2929251.5485	0.0439	60847390.8157	-0.2159	41466232.7359	-0.0279	76731265.3848	-0.6255	2416303602.9085	-0.4324	-0.958	0.0371	-1.2519	0.0391	-1.4929	0.0406	-0.8606	0.0365	-1.1138	0.0383	-1.3633	0.0396	-0.782	0.036	-0.9978	0.0377	-1.2212	0.0387	248.4811	0.0405	244.5597	0.041	163.4627	0.0413	118.4179	0.0396	216.1865	0.0411	208.5207	0.0422	29.4453	0.0384	77.224	0.0401	126.7608	0.0416	988943.5659	0.001	83743.2102	0.0456	25256.9148	0.0478	200003960953.3048	-0.5659	368454823.8595	-0.2172	2001110.3848	-0.0595	1859033.5016	-0.031	18876809.6353	-0.0806	13909612.5763	-0.0973	-0.9096	0.035	-1.0848	0.0367	-1.328	0.0388	-0.8566	0.0351	-1.0234	0.0369	-1.2507	0.039	-0.8065	0.0352	-0.9643	0.0371	-1.1802	0.0393	267.2065	0.0544	1031.787	0.0491	147.8591	0.048	121.679	0.0496	786.4827	0.0512	339.8556	0.0487	24.6056	0.0461	424.0592	0.0521	639.1423	0.0495	317672.5673	0.1111	4834111.0738	-0.0406	2384679854.9257	-0.3495	15784.9045	0.061	96064.3027	0.101	270897.2279	0.0801	6147.5575	0.0086	15520.6348	0.0122	56845.7965	0.0388	194.1895	0.0427	266.8169	0.0436	189.1799	0.0434	79.0093	0.0414	174.9994	0.0427	221.8672	0.0432	21.3788	0.0404	60.3625	0.0418	116.6025	0.0427	93.1964	0.0415	201.4774	0.0411	204.9773	0.0409	41.5619	0.0422	108.3528	0.0409	197.6726	0.0406	23.7979	0.0439	45.4694	0.0411	96.0851	0.0403	-0.7004	0.0334	-0.8205	0.0344	-0.9483	0.0354	-0.632	0.0327	-0.7367	0.0337	-0.8393	0.0346	-0.576	0.0321	-0.6639	0.033	-0.7451	0.034	-1.096	0.0365	-1.1005	0.036	-1.0942	0.0354	-0.9091	0.0354	-0.9232	0.0349	-0.9276	0.0344	-0.7723	0.0344	-0.7887	0.0339	-0.7956	0.0335	15165803.6715	0.2439	534850.9038	-0.0423	4847894.9893	-0.2573	4354890756.448	0.4163	39479.5373	-0.0172	580186282.2996	0.2243	12276662955.3477	0.4414	5073.4765	0.0201	94645.9487	0.0837	-1.5838	0.0396	-1.7397	0.041	-1.6134	0.0429	-1.4643	0.0365	-1.6334	0.0372	-1.7868	0.0381	-1.2626	0.0357	-1.3822	0.0364	-1.5508	0.0373	87521.7972	0.1552	1152680.1262	-0.0081	4655.0509	-0.0654	6775.2874	0.1018	39331.4849	-0.0864	743.6538	0.0071	945.8927	0.0541	1802.2511	-0.0099	118.7991	0.0459	-0.9132	0.0362	0.943	0.0393	657.9979	0.0483	-0.8519	0.0361	0.4145	0.0391	270.9478	0.0464	-0.8121	0.036	0.1332	0.0391	118.6136	0.0452	-0.9241	0.0327	-1.175	0.0344	-1.5642	0.0366	-0.8292	0.0317	-0.9757	0.0332	-1.2465	0.035	-0.7546	0.0307	-0.83	0.032	-0.9944	0.0337	-1.5561	0.0369	-1.641	0.0368	-1.5744	0.0362	-1.5341	0.0365	-1.6314	0.0368	-1.7028	0.0369	-1.4416	0.0366	-1.5171	0.0372	-1.6208	0.038	4.6515	0.0367	80.218	0.0357	685.7129	0.0253	-0.8665	0.0375	5.5589	0.0387	54.5803	0.0361	-1.3033	0.0372	-1.0826	0.0393	3.0124	0.0404
LEU_5	161.2005	0.0461	267.4754	0.0442	164.8342	0.0424	68.9098	0.0464	167.2921	0.0442	215.6882	0.0426	92.0304	0.0467	65.4996	0.0441	124.2365	0.0422	1985.0177	0.0336	303.2218	0.0525	119.1472	0.0493	1686.2965	0.0342	258.6597	0.0508	201.0604	0.0504	1376.8319	0.0359	239.8292	0.0487	134.2487	0.0512	99673163.4056	0.0541	10791505.9476	-0.2013	422437086.1707	-0.0522	81231223.0992	-0.8381	795352226.2189	-0.2214	-0.9676	0.0371	-1.2593	0.0392	-1.3741	0.0408	-0.8676	0.0365	-1.1228	0.0384	-1.3215	0.0398	-0.7869	0.036	-1.0061	0.0378	-1.2105	0.039	237.8767	0.041	311.5899	0.0424	218.6455	0.0437	74.2491	0.0399	172.3063	0.0419	226.0935	0.0437	14.6067	0.0387	43.6938	0.0405	89.446	0.0423	158382215.7277	-0.1466	996528.1493	-0.0005	167233.4533	0.0575	10398005003.7241	-0.3153	8269899977.6978	-0.3549	42229128.307	-0.1581	461093.7817	0.0054	520983.5348	0.015	1089119.0629	-0.0141	-0.9188	0.035	-1.0955	0.0367	-1.336	0.0387	-0.8554	0.035	-1.021	0.0368	-1.2461	0.0389	-0.8019	0.0352	-0.9579	0.037	-1.1717	0.0392	313.5996	0.057	2251.6345	0.045	177.634	0.0486	91.3922	0.052	1467.3392	0.0477	377.1721	0.0486	16.8027	0.0482	784.5598	0.0501	611.2961	0.0481	873939.7674	0.1718	2508513.0279	0.1494	25242546.5372	-0.0862	37783.6799	0.0395	76848.8212	0.0587	260943.9635	0.1171	6943.8848	0.0143	26390.4066	-0.0042	234000.7744	-0.0084	156.7178	0.0426	283.3743	0.0438	268.9269	0.044	46.1946	0.0412	123.1961	0.0427	208.4708	0.0434	10.3428	0.0403	32.796	0.0418	76.2101	0.0428	68.9279	0.0418	186.4782	0.0409	263.3181	0.0407	25.6813	0.0429	72.2212	0.0409	168.1462	0.0403	15.2057	0.0452	29.9514	0.0416	62.8151	0.04	-0.7	0.0333	-0.8265	0.0344	-0.9532	0.0354	-0.6304	0.0326	-0.7362	0.0336	-0.8367	0.0346	-0.5742	0.032	-0.6614	0.033	-0.7408	0.0339	-1.0874	0.0366	-1.0949	0.036	-1.0908	0.0355	-0.9042	0.0354	-0.9176	0.0349	-0.9207	0.0344	-0.7703	0.0343	-0.7846	0.0339	-0.7893	0.0335	772042.9483	0.1203	86001.2434	-0.0258	11036285.8498	-0.2089	285687376.8161	0.2627	11407.3044	-0.0176	646126.1783	0.0009	38377492608185.164	1.087	2744.6227	-0.0016	6390.7787	0.0157	-1.6311	0.0371	-1.7836	0.038	-1.6692	0.0393	-1.4855	0.0356	-1.6397	0.0363	-1.7667	0.0372	-1.2655	0.0363	-1.3768	0.0373	-1.5308	0.0385	12112.073	0.1102	221317.7505	-0.0425	5849.562	-0.0411	1629.0745	0.0737	9283.7384	-0.0443	1273.219	0.0409	290.9025	0.0468	461.9179	0.0127	83.575	0.056	-0.9101	0.0364	2.0973	0.0398	1920.8296	0.0451	-0.8475	0.0362	1.1399	0.0394	726.2782	0.0443	-0.8066	0.0361	0.6115	0.0392	290.3485	0.0438	-0.9345	0.0326	-1.1646	0.0344	-1.5409	0.0365	-0.8425	0.0316	-0.9742	0.0331	-1.2251	0.035	-0.7644	0.0307	-0.8359	0.032	-0.9861	0.0337	-1.6166	0.0362	-1.6948	0.0363	-1.6308	0.0361	-1.5815	0.0368	-1.6679	0.0375	-1.731	0.0383	-1.4668	0.0372	-1.5311	0.0381	-1.6211	0.0393	2.875	0.0388	43.2126	0.0391	268.1307	0.0318	-1.2038	0.0392	1.4361	0.0416	19.1492	0.0418	-1.3275	0.038	-1.4879	0.0405	-0.2887	0.0427
LEU_6	44.4583	0.0443	55.3884	0.0425	35.2517	0.041	39.2881	0.0456	46.3331	0.043	44.5586	0.0415	75.6297	0.0484	34.4513	0.0441	36.2716	0.042	155.3178	0.0431	85.9789	0.045	26.5652	0.0478	132.3455	0.0451	109.7158	0.0446	40.8251	0.0486	127.2282	0.0475	154.4779	0.0456	41.0114	0.0492	2912018.688	-0.023	40005077.7729	-0.2416	44898551.0895	0.1152	80162290.6279	-0.4252	4225020779.7534	-0.7497	-0.8956	0.0365	-1.1713	0.0382	-1.4854	0.0393	-0.8091	0.0359	-1.0416	0.0374	-1.3071	0.0384	-0.7395	0.0354	-0.9354	0.0368	-1.1525	0.0376	52.6677	0.0394	66.5818	0.04	89.4392	0.0394	26.5534	0.038	45.6668	0.0393	53.1349	0.0399	9.4737	0.037	20.4596	0.0384	30.6566	0.0396	217922.7213	0.0156	15333.6914	0.0416	4520.6205	0.0355	266831776.1795	-0.1874	7281970.7147	-0.0706	184014.8825	-0.0049	815055.1873	-0.0197	2326365.3515	-0.0258	884131.7637	-0.0167	-0.8848	0.0345	-1.057	0.0362	-1.2873	0.0383	-0.8336	0.0347	-0.9961	0.0364	-1.2137	0.0386	-0.7878	0.0349	-0.9422	0.0368	-1.1515	0.039	56.5212	0.0477	136.0	0.0538	88.38	0.051	25.7146	0.0435	104.7746	0.0531	149.7106	0.0538	6.9067	0.0411	58.2571	0.0513	239.1539	0.0589	25222.4067	0.0723	672940.2227	-0.0117	39679479.5502	-0.166	2298.0923	0.0545	9914.8825	0.0797	75760.6715	0.0378	780.2462	0.0067	2176.2704	0.04	7588.4693	0.0663	40.1297	0.0409	59.9048	0.042	55.5228	0.0421	19.4319	0.0397	37.6089	0.041	49.1602	0.0416	7.3515	0.039	17.0942	0.0404	28.5534	0.0412	32.3031	0.04	47.9946	0.0388	54.2427	0.0386	28.8432	0.0414	34.6975	0.039	45.8796	0.0384	33.0661	0.0439	33.6238	0.0398	31.7114	0.0385	-0.6675	0.033	-0.7826	0.034	-0.9026	0.035	-0.6046	0.0323	-0.7034	0.0332	-0.7981	0.0342	-0.5532	0.0317	-0.6357	0.0326	-0.7102	0.0335	-1.0216	0.036	-1.0312	0.0354	-1.0317	0.0349	-0.8536	0.0349	-0.8694	0.0344	-0.8759	0.0339	-0.7293	0.034	-0.7462	0.0335	-0.7537	0.0331	5859934.1809	0.2177	1491105.683	0.0099	2345556.0519	-0.1447	117678.9801	0.0604	151470.9798	-0.0012	126803296.6916	0.2045	13195.6155	0.0118	35073.1951	0.0299	194389.0305	0.1163	-1.4485	0.0408	-1.6394	0.0423	-1.7512	0.0442	-1.3267	0.038	-1.4945	0.0389	-1.7029	0.0401	-1.141	0.0363	-1.2546	0.0371	-1.4206	0.038	193306154.9811	0.4654	888238.5046	-0.2599	1054.9584	-0.0205	54870.4129	0.1345	75537.3536	-0.1485	250.7734	0.0158	4860.9946	0.0365	5798.8521	-0.0035	50.0414	0.0426	-0.8829	0.0353	-1.0294	0.0383	45.429	0.0448	-0.8307	0.0352	-1.04	0.0385	22.0315	0.0446	-0.7994	0.0352	-1.0204	0.0387	10.604	0.0444	-0.8754	0.0323	-1.0927	0.0341	-1.4526	0.0362	-0.7941	0.0313	-0.9265	0.0328	-1.1705	0.0347	-0.7206	0.0303	-0.7978	0.0317	-0.9514	0.0333	-1.4384	0.0379	-1.5515	0.0384	-1.6183	0.0385	-1.4021	0.0371	-1.5057	0.0376	-1.624	0.0379	-1.3033	0.0366	-1.3786	0.0372	-1.4886	0.0379	1.7266	0.0377	61.4498	0.0387	1149.2412	0.0347	-0.9886	0.0375	5.6318	0.0392	93.6084	0.038	-1.2158	0.0369	-0.8198	0.0392	6.8445	0.041
LEU_7	45.4174	0.0442	71.0441	0.0421	57.2638	0.0406	42.2295	0.0453	45.8207	0.0425	55.895	0.0407	132.2554	0.0476	34.5565	0.0435	35.7809	0.0409	331.8061	0.041	111.7596	0.0449	46.7095	0.0477	276.2335	0.0432	126.1925	0.044	55.1328	0.0482	239.5023	0.046	192.041	0.0446	43.1214	0.0487	111615315.245	-0.0918	38088667.7377	-0.0204	89398225.3544	0.1873	23111650.0079	-0.3388	2271403940.0105	-0.5882	-0.8974	0.0365	-1.1784	0.0382	-1.4561	0.0393	-0.81	0.0359	-1.0473	0.0374	-1.2997	0.0384	-0.7398	0.0354	-0.9399	0.0368	-1.1535	0.0376	55.1187	0.0393	83.037	0.0404	95.3128	0.0405	20.7222	0.0383	41.9934	0.0399	57.0947	0.0412	5.9996	0.0374	14.7645	0.039	25.6072	0.0405	20098711.3218	-0.0856	274181.4155	0.0125	22059.9899	0.0373	674347090.0919	-0.2283	179522833.5606	-0.1758	3376248.5426	-0.0663	156682.1037	-0.0073	306367.7955	-0.0006	374844.9408	0.0004	-0.8827	0.0345	-1.0545	0.0362	-1.2873	0.0383	-0.8252	0.0346	-0.9864	0.0364	-1.2061	0.0386	-0.7779	0.0348	-0.931	0.0367	-1.1417	0.039	64.952	0.0477	300.5668	0.0527	115.1464	0.0503	21.5461	0.0436	197.2615	0.052	206.2911	0.0523	4.5422	0.0415	110.204	0.0506	354.7715	0.0565	33756.29	0.1147	149742.3812	0.0751	8677428.6437	-0.1017	2590.9525	0.0317	10999.2049	0.0767	47675.115	0.0921	891.3178	-0.0037	3189.3633	0.0183	19978.9455	0.0523	37.3579	0.0408	67.235	0.0422	75.0911	0.0425	14.3389	0.0397	31.916	0.0411	50.3413	0.0418	4.4732	0.0391	11.9227	0.0405	22.9098	0.0414	26.8299	0.0407	48.9601	0.0389	70.2088	0.0384	21.1469	0.0426	29.8364	0.0394	45.3611	0.0381	23.0114	0.0457	30.0833	0.0407	28.9216	0.0384	-0.6594	0.033	-0.776	0.034	-0.8912	0.035	-0.5966	0.0323	-0.6939	0.0332	-0.7848	0.0342	-0.5459	0.0317	-0.6262	0.0326	-0.698	0.0335	-0.9971	0.0363	-1.0089	0.0356	-1.0097	0.035	-0.8349	0.0351	-0.8504	0.0346	-0.8557	0.034	-0.7161	0.034	-0.7315	0.0336	-0.7372	0.0331	6274467.0677	0.2029	221619.0655	0.004	53967261.6149	-0.159	7839598.7082	0.1492	36292.5836	0.036	8933999.7719	0.1009	825698.8763	0.0853	6818.0452	0.0511	17698.9224	0.0566	-1.5018	0.0384	-1.6959	0.0395	-1.8272	0.0411	-1.3513	0.0364	-1.5103	0.0372	-1.7019	0.0382	-1.1473	0.0362	-1.254	0.0371	-1.4064	0.0381	84953.9441	0.1826	1090449.5278	-0.2173	2219.5557	-0.0176	7989.7018	0.0675	37301.1144	-0.0717	638.1666	0.0421	1053.751	0.0291	3253.7275	0.0314	72.8757	0.0568	-0.8795	0.0354	-0.3668	0.0384	145.7581	0.048	-0.8266	0.0353	-0.5169	0.0385	67.2173	0.0465	-0.7949	0.0353	-0.5813	0.0387	32.3551	0.0455	-0.8865	0.0322	-1.0889	0.034	-1.4302	0.0361	-0.8035	0.0312	-0.9248	0.0328	-1.1506	0.0346	-0.726	0.0303	-0.7983	0.0316	-0.9391	0.0333	-1.5035	0.0369	-1.6147	0.0373	-1.6851	0.0375	-1.4494	0.0369	-1.5454	0.0376	-1.655	0.0384	-1.3296	0.0368	-1.3963	0.0377	-1.4941	0.0388	1.7878	0.0387	51.1836	0.0401	677.208	0.0343	-1.0963	0.0389	2.8505	0.0418	43.9354	0.0432	-1.2192	0.0378	-1.1928	0.0408	1.8212	0.0439
LEU_8	34.5733	0.0442	60.0936	0.0417	63.6701	0.0401	51.3466	0.0448	32.8496	0.042	46.8363	0.04	284.3858	0.0457	34.3739	0.0429	26.0375	0.04	779.2949	0.0374	108.9963	0.046	57.1761	0.0476	662.7259	0.0399	127.4232	0.0449	50.068	0.0481	549.2805	0.043	229.9663	0.045	34.972	0.0487	13174024704.5529	-0.1794	68878302.7861	0.0258	102456821.3112	0.2754	31749782.4838	-0.4746	197358474.6146	-0.2442	-0.9026	0.0365	-1.1857	0.0382	-1.3961	0.0392	-0.8135	0.0359	-1.0548	0.0375	-1.2832	0.0384	-0.7419	0.0354	-0.9464	0.0369	-1.1534	0.0377	38.0921	0.0398	68.5234	0.0415	81.7694	0.0431	11.4945	0.0388	26.2395	0.0407	42.2967	0.0426	2.619	0.0379	7.7536	0.0395	15.2648	0.0412	3539863491.4413	-0.2933	9839887.3978	-0.0676	158028.5793	0.0153	17354014.8091	-0.0742	79144484.4049	-0.1283	9789189.8918	-0.0878	142009.6083	0.0088	61275.0007	0.0191	49367.7168	0.0294	-0.8755	0.0345	-1.0467	0.0362	-1.2799	0.0383	-0.8152	0.0346	-0.9752	0.0364	-1.1948	0.0385	-0.7678	0.0348	-0.9197	0.0367	-1.1301	0.0389	60.4258	0.0487	714.2444	0.0501	146.0484	0.0495	16.7822	0.0448	442.2199	0.0503	259.3144	0.0505	3.2531	0.0426	259.1389	0.0502	509.2422	0.0532	18574.4079	0.111	335871.1478	0.1651	502511.0949	0.0676	3658.2253	0.0117	21892.5156	0.0486	162187.9827	0.098	785.485	0.0044	3695.5699	0.0069	33301.0202	0.0284	23.7153	0.0408	49.4637	0.0422	68.4025	0.0428	7.6647	0.0399	18.8975	0.0412	34.826	0.042	1.7542	0.0393	6.0814	0.0407	13.2839	0.0416	16.9058	0.0416	34.4598	0.0392	59.7987	0.0382	12.5079	0.044	19.9886	0.0402	31.5732	0.0382	13.1077	0.0473	22.4339	0.0421	22.1059	0.0387	-0.652	0.0329	-0.7685	0.034	-0.8808	0.035	-0.5896	0.0322	-0.6854	0.0332	-0.7739	0.0342	-0.5397	0.0317	-0.6182	0.0326	-0.6882	0.0335	-0.9821	0.0364	-0.9923	0.0358	-0.9913	0.0351	-0.8248	0.0351	-0.8377	0.0346	-0.8404	0.0341	-0.7095	0.034	-0.7221	0.0336	-0.7252	0.0332	24456547.2386	0.214	45943.9751	0.0371	69945685.9501	-0.1667	1744729383.8742	0.3512	11729.259	0.0449	277215.7619	-0.0062	659139942.9894	0.2969	1836.8146	0.0416	2836.2798	0.0256	-1.5293	0.0364	-1.7143	0.0373	-1.8228	0.0384	-1.3533	0.0362	-1.5013	0.0371	-1.6689	0.0382	-1.1343	0.037	-1.2357	0.0381	-1.3777	0.0394	8899.9483	0.1008	311141.0273	-0.1329	5193.6512	0.0252	1510.3321	0.0484	7976.5337	-0.0138	1337.4308	0.069	244.198	0.0315	549.0385	0.0399	37.5015	0.061	-0.8745	0.0355	0.6448	0.0384	467.7057	0.0497	-0.8212	0.0354	0.2236	0.0384	198.7245	0.0473	-0.789	0.0354	-0.0025	0.0386	89.6381	0.0458	-0.8909	0.0322	-1.078	0.034	-1.3997	0.0361	-0.8047	0.0312	-0.9188	0.0328	-1.1286	0.0346	-0.7215	0.0303	-0.7931	0.0317	-0.9265	0.0333	-1.549	0.0367	-1.6526	0.0375	-1.711	0.0382	-1.4729	0.0372	-1.5585	0.0383	-1.651	0.0396	-1.3329	0.0372	-1.3924	0.0383	-1.4785	0.0397	0.6428	0.0411	24.427	0.0445	222.2638	0.0441	-1.2769	0.0403	0.1014	0.0442	13.206	0.0482	-1.2141	0.0385	-1.4423	0.0417	-0.7808	0.0455
LEU_9	22.2226	0.0441	25.1209	0.0421	34.5666	0.0409	95.1549	0.0466	16.3695	0.0434	19.0535	0.0417	693.5184	0.0497	40.5055	0.0453	11.412	0.0423	406.9814	0.0585	31.1308	0.051	34.7756	0.0432	424.9864	0.0525	21.5195	0.0527	23.5135	0.0441	426.679	0.0476	39.4831	0.0549	27.2921	0.0455	6079953415.2604	0.0413	557869265.7806	-0.8546	558476005.4476	-0.258	250908800.0429	-0.6524	394811.9032	0.1308	-0.972	0.0386	-1.1669	0.0413	0.5144	0.0463	-0.8665	0.0378	-1.0947	0.0402	-0.6684	0.0444	-0.7802	0.037	-0.9967	0.0392	-0.9845	0.0427	11.0293	0.0463	26.3223	0.0486	42.13	0.0509	1.1596	0.0445	6.4231	0.0465	16.202	0.0489	-1.1446	0.0428	0.2075	0.0447	3.5237	0.0467	24074859.0337	-0.0561	9469514.5973	-0.0651	467824.5279	-0.0127	30914.4066	0.068	54542.8541	0.0416	57154.8865	0.0215	20557.524	0.0889	2748.5512	0.0597	1285.4789	0.051	-0.8843	0.0354	-1.0533	0.0368	-1.2736	0.0383	-0.8203	0.0352	-0.9778	0.0366	-1.1872	0.0382	-0.7702	0.035	-0.9194	0.0365	-1.1207	0.0382	3047.6979	0.0471	1035.4849	0.0417	89.9457	0.0512	417.6425	0.056	774.8972	0.0394	67.4287	0.0518	76.4974	0.0578	518.6617	0.0392	60.1574	0.0515	2862.7265	0.0793	4479.8299	0.0794	12757.8165	0.0996	673.5559	0.07	2067.1054	0.0635	4397.6219	0.0594	163.6703	0.0631	1129.8693	0.0645	6490.3887	0.0633	5.5566	0.0452	16.6387	0.0464	29.9482	0.0474	0.1273	0.044	3.9027	0.0451	10.818	0.0463	-1.3062	0.0429	-0.1575	0.0441	2.3792	0.0453	5.3647	0.042	12.1888	0.0406	24.8007	0.04	4.8232	0.0432	8.6751	0.0406	11.8823	0.0396	6.0752	0.0455	13.9235	0.0415	12.9113	0.0392	-0.6811	0.0356	-0.8072	0.0367	-0.9281	0.0377	-0.6119	0.0346	-0.7153	0.0356	-0.8109	0.0366	-0.5562	0.0338	-0.6411	0.0347	-0.7173	0.0357	-1.0793	0.04	-1.0746	0.0393	-1.0576	0.0386	-0.9032	0.0385	-0.9043	0.0379	-0.8951	0.0373	-0.7699	0.0371	-0.7743	0.0366	-0.7694	0.0361	77778.6939	0.0154	14132.6129	-0.0105	10671577.589	-0.0318	523514.75	-0.0303	27258.6625	-0.0835	5896397046.7604	0.2408	2953144.8985	-0.0817	44721.517	-0.1424	987902070.6943	0.2557	-1.296	0.044	-1.5083	0.0456	-1.8146	0.0475	-1.1386	0.0435	-1.2908	0.0449	-1.515	0.0465	-0.9676	0.0424	-1.07	0.0436	-1.2222	0.045	2928.3839	0.0628	990.188	0.0511	50.8409	0.0574	2762.4818	0.0416	200.6972	0.0638	9.3543	0.0581	2283.4201	0.0428	35.9023	0.0636	-0.6251	0.056	-0.8752	0.0376	0.757	0.0468	6569.0554	0.0413	-0.813	0.0368	-0.2251	0.0443	2361.5675	0.0374	-0.7728	0.0363	-0.6715	0.0424	818.939	0.036	-0.7885	0.0358	-0.9581	0.038	-1.2827	0.0408	-0.7165	0.0347	-0.8301	0.0366	-1.046	0.0389	-0.644	0.0336	-0.7232	0.0352	-0.8697	0.0372	-1.3351	0.0417	-1.4563	0.0431	-1.626	0.0447	-1.2406	0.0415	-1.3297	0.0427	-1.4631	0.0442	-1.1172	0.0409	-1.1791	0.042	-1.2758	0.0432	-1.4747	0.0454	0.1733	0.0484	16.2541	0.0488	-1.3933	0.0435	-1.5583	0.0463	2.6091	0.0479	-1.1661	0.0417	-1.5202	0.0443	-0.4128	0.0465
LEU_10	18.8416	0.0447	6.792	0.0421	6.9836	0.0407	82.5555	0.0475	9.5934	0.0433	4.5745	0.0416	418.1792	0.0527	28.494	0.0451	4.6466	0.0424	81.744	0.0603	13.7253	0.0478	8.397	0.0435	93.93	0.0571	26.8746	0.0494	15.1482	0.0449	114.708	0.0541	81.7187	0.0523	71.7356	0.0467	14054658.9325	0.1398	92989234200.0981	-1.7261	9249750245.8557	-1.3831	44055736753.7309	0.0099	9208263.6054	0.2092	-0.9935	0.0384	-1.1976	0.0407	1.3199	0.0446	-0.8779	0.0376	-1.1231	0.0397	-0.5271	0.0432	-0.7843	0.0368	-1.014	0.0388	-0.987	0.0418	1.1073	0.046	5.1711	0.0482	21.2613	0.0503	-1.0373	0.0443	0.584	0.0463	7.169	0.0486	-1.6087	0.0427	-1.141	0.0445	1.13	0.0465	27599.4955	0.0433	26761.6585	0.0285	8380.1998	0.0299	2840.1745	0.0612	1428.7669	0.053	968.4301	0.0503	18643.0424	0.0855	2231.6192	0.0559	400.3239	0.0514	-0.8845	0.0355	-1.0537	0.0369	-1.2763	0.0385	-0.8195	0.0353	-0.9771	0.0367	-1.1879	0.0384	-0.7688	0.0352	-0.9181	0.0367	-1.1202	0.0385	3444.7023	0.0362	225.2194	0.0494	38.186	0.0508	424.4129	0.0463	159.2824	0.0467	33.2459	0.0525	65.6198	0.0506	111.5119	0.0448	48.7069	0.0561	595.8398	0.0622	1529.473	0.0611	1941.2676	0.0676	773.2914	0.0647	5299.0409	0.065	15615.6262	0.0649	198.5868	0.0605	1457.7956	0.0633	13540.3616	0.0687	0.1457	0.045	2.8714	0.0461	5.7956	0.0472	-1.1961	0.0438	0.006	0.045	1.8536	0.0461	-1.611	0.0428	-1.1666	0.0441	-0.3003	0.0453	5.7283	0.0419	5.9665	0.04	6.2394	0.0395	7.6452	0.0434	9.2686	0.0402	5.6914	0.0393	9.8457	0.0458	17.4414	0.041	10.5966	0.0394	-0.6934	0.0356	-0.8258	0.0366	-0.9541	0.0376	-0.6191	0.0346	-0.7275	0.0356	-0.829	0.0366	-0.5597	0.0337	-0.6485	0.0347	-0.729	0.0356	-1.1443	0.0399	-1.1382	0.0393	-1.113	0.0386	-0.9534	0.0385	-0.9506	0.0379	-0.9356	0.0373	-0.8049	0.0371	-0.806	0.0366	-0.7976	0.0361	5839.5281	0.0483	11506.0552	0.0242	8774572.7701	-0.0467	23072.6863	0.0228	26144.2571	-0.0507	1868503.4637	-0.0051	110323.0389	-0.0042	132458.7195	-0.1893	30619586.1831	0.1267	-1.1729	0.0437	-1.3764	0.0453	-1.6671	0.0472	-1.0595	0.0434	-1.2132	0.0448	-1.4364	0.0464	-0.9195	0.0424	-1.0277	0.0436	-1.1873	0.045	4922.5762	0.0654	895.7953	0.0576	58.8534	0.0598	7955.23	0.0286	175.7594	0.0664	8.536	0.0586	11760.8435	0.0257	53.6321	0.0634	-0.8428	0.056	-0.8641	0.0374	-0.7966	0.046	1467.8401	0.0613	-0.8002	0.0366	-1.1215	0.0438	629.5876	0.0514	-0.7598	0.0361	-1.2424	0.0422	258.082	0.045	-0.7468	0.0358	-0.9242	0.0381	-1.2698	0.0408	-0.682	0.0347	-0.8064	0.0366	-1.0425	0.039	-0.6154	0.0336	-0.7038	0.0352	-0.867	0.0372	-1.1853	0.0416	-1.3027	0.043	-1.467	0.0446	-1.1252	0.0415	-1.2174	0.0427	-1.3506	0.0441	-1.0359	0.0409	-1.1043	0.0419	-1.2058	0.0431	-1.4869	0.0453	0.1051	0.0477	23.9046	0.0458	-1.399	0.0434	-1.3647	0.0459	10.1774	0.0469	-1.1763	0.0416	-1.4146	0.044	3.7463	0.0461
LEU_11	13.4892	0.0451	1.6473	0.0423	0.5569	0.0409	49.546	0.048	4.3358	0.0436	0.2339	0.0419	189.6758	0.0535	12.8949	0.0454	0.5725	0.0431	45.9492	0.0576	32.4715	0.0466	5.4391	0.0453	71.6699	0.0573	89.4023	0.0475	30.2184	0.0477	130.085	0.057	268.5824	0.0498	210.6105	0.0502	398953382.8877	0.2965	165148656284.3736	-0.455	26895091701.6265	-1.7216	2925573836106.5737	0.3514	1376046905.2093	0.2923	-1.0004	0.0382	-1.269	0.0402	0.6717	0.043	-0.8769	0.0374	-1.1505	0.0393	-0.8179	0.0419	-0.7788	0.0367	-1.0195	0.0385	-1.1102	0.0409	-1.3469	0.0458	1.9965	0.0481	33.4738	0.0498	-1.81	0.0441	-0.6781	0.0462	10.2799	0.0482	-1.8707	0.0425	-1.6685	0.0443	1.6065	0.0461	791.1467	0.0544	524.687	0.0515	275.9524	0.0509	2526.0366	0.0577	431.2089	0.0527	140.2416	0.0546	99940.3265	0.078	10133.4229	0.0582	994.2762	0.0536	-0.8852	0.0356	-1.055	0.037	-1.2788	0.0387	-0.8198	0.0354	-0.9784	0.0369	-1.1904	0.0386	-0.769	0.0352	-0.9196	0.0368	-1.1232	0.0387	1520.8702	0.0375	77.7182	0.055	44.4753	0.0509	212.4111	0.0436	42.1591	0.0536	86.1292	0.0538	32.5751	0.0467	25.9704	0.0515	270.1512	0.064	1303.6252	0.0629	4792.5127	0.0639	5583.3226	0.0665	981.3547	0.0635	9880.2549	0.0685	58267.0978	0.0739	158.6006	0.0607	994.6358	0.062	10639.675	0.0686	-1.3724	0.0448	-0.5865	0.0459	0.1782	0.0471	-1.6938	0.0437	-1.318	0.0449	-0.7944	0.0461	-1.7705	0.0427	-1.6748	0.044	-1.4469	0.0452	6.2578	0.0418	3.6621	0.04	1.2114	0.0395	8.7368	0.043	7.4678	0.0403	2.1595	0.0398	10.9492	0.0448	13.9933	0.041	5.2886	0.0403	-0.7023	0.0355	-0.8404	0.0365	-0.9755	0.0375	-0.6232	0.0345	-0.736	0.0355	-0.8428	0.0364	-0.5605	0.0336	-0.6526	0.0346	-0.7371	0.0355	-1.1927	0.0398	-1.2057	0.0392	-1.1765	0.0385	-0.9991	0.0383	-0.9986	0.0378	-0.9794	0.0372	-0.8369	0.037	-0.837	0.0365	-0.8259	0.036	7226.5853	0.0499	10881.9992	0.0299	3537176.1338	0.0281	3519.6515	0.0368	28804.076	-0.0127	103324.6005	-0.0067	7538.3338	0.0269	305782.4773	-0.1817	63049.7632	-0.0027	-1.0955	0.0436	-1.2963	0.0452	-1.578	0.0471	-1.0138	0.0433	-1.173	0.0448	-1.4043	0.0464	-0.8964	0.0424	-1.0132	0.0436	-1.1859	0.045	12991.805	0.0616	718.75	0.0639	50.488	0.0606	23889.1681	0.0055	235.2627	0.067	6.856	0.0588	68769.1365	0.0009	183.1551	0.0612	-0.1604	0.0558	-0.8542	0.037	-1.4646	0.0441	291.1372	0.0665	-0.7917	0.0364	-1.4689	0.0425	124.0416	0.057	-0.7535	0.0359	-1.4398	0.0413	55.3844	0.0495	-0.7165	0.0358	-0.9088	0.0381	-1.2886	0.0409	-0.6581	0.0347	-0.796	0.0366	-1.0584	0.0389	-0.5967	0.0335	-0.6951	0.0351	-0.8763	0.0371	-1.0855	0.0416	-1.202	0.0429	-1.3621	0.0445	-1.0539	0.0414	-1.1501	0.0426	-1.2856	0.0441	-0.9894	0.0409	-1.0642	0.0419	-1.1719	0.0431	-1.5139	0.045	1.2881	0.0464	74.8418	0.0434	-1.4011	0.0432	-0.1808	0.0452	50.1505	0.0475	-1.1964	0.0414	-0.8255	0.0435	22.5019	0.0464
LEU_12	30.4765	0.0449	1.6947	0.0427	0.8438	0.0408	189.1658	0.0461	9.0411	0.0444	0.2848	0.0418	954.2037	0.0486	39.8339	0.0473	2.1922	0.0431	1707.8627	0.0453	13.6929	0.0555	2.4353	0.0449	1718.1797	0.0412	32.6929	0.0577	11.2874	0.0461	1585.1047	0.0389	91.4902	0.0604	82.6894	0.0474	8002539.2141	0.0168	11646204.4555	-0.2759	10699588.3199	-0.0165	560670998.6644	-0.8125	1132003.421	0.1118	-0.8793	0.039	-1.0937	0.0419	-0.4807	0.0466	-0.7896	0.0381	-1.0066	0.0408	-0.901	0.0447	-0.7165	0.0374	-0.9153	0.0398	-0.9884	0.0431	-1.778	0.0454	-1.1981	0.0476	1.6173	0.0501	-1.9747	0.0438	-2.0571	0.0457	-1.3813	0.0479	-1.8392	0.0423	-2.0997	0.044	-2.1273	0.046	138985.4515	0.0471	178227.2333	0.023	45739.525	0.025	4259.343	0.061	2300.5286	0.0581	2210.8601	0.0509	5844.8115	0.0845	881.7774	0.0617	231.939	0.0555	-0.8013	0.0358	-0.9608	0.0373	-1.1732	0.0391	-0.7494	0.0356	-0.8998	0.0372	-1.1033	0.039	-0.7103	0.0355	-0.8546	0.0372	-1.0522	0.0391	832.7367	0.0631	3386.2964	0.0357	91.2287	0.0526	174.4859	0.0642	2315.8982	0.037	99.6857	0.0538	41.8955	0.0614	1394.6541	0.0409	169.1215	0.0554	182.6517	0.0655	542.6823	0.0694	1113.9136	0.0798	162.1983	0.0642	882.0817	0.0644	2632.9419	0.065	45.9351	0.0627	311.7493	0.0641	1963.227	0.0662	-1.7709	0.0448	-1.3045	0.0458	-0.3202	0.0466	-1.8994	0.0437	-1.865	0.0448	-1.4682	0.0458	-1.8335	0.0428	-1.9892	0.044	-1.9341	0.0452	-0.5424	0.0441	0.24	0.0415	0.4523	0.04	-0.2179	0.0459	1.5212	0.0425	1.0946	0.0403	0.1062	0.0481	3.7998	0.0442	4.0331	0.0409	-0.6009	0.0354	-0.7074	0.0365	-0.8084	0.0376	-0.5438	0.0345	-0.6315	0.0356	-0.7121	0.0366	-0.498	0.0337	-0.5705	0.0347	-0.6353	0.0357	-0.9251	0.0396	-0.919	0.039	-0.9032	0.0383	-0.7817	0.0382	-0.7811	0.0376	-0.7715	0.0371	-0.6737	0.0369	-0.6759	0.0364	-0.6697	0.0359	645852.7573	-0.0293	13874.1752	0.0313	203032202715.5257	-0.0886	2851371.9643	-0.0613	10825.5924	-0.0263	44975296.4522	0.094	6597703.8825	-0.0626	6631.9225	-0.0546	427958.5892	0.0592	-1.0726	0.0437	-1.247	0.0453	-1.5013	0.0472	-0.9398	0.0432	-1.0661	0.0446	-1.2503	0.0463	-0.7984	0.0421	-0.8842	0.0433	-1.0097	0.0447	1645.4438	0.0657	1705.4319	0.0657	45.2819	0.0583	612.1056	0.0603	230.0118	0.0678	7.0344	0.0564	297.7589	0.0605	28.2701	0.0629	-0.9566	0.0542	-0.8228	0.038	2.7625	0.0457	10958.959	0.0278	-0.7741	0.0373	1.1731	0.0435	3452.2182	0.031	-0.7454	0.0368	0.3548	0.0419	1124.7506	0.0335	-0.6688	0.0355	-0.8088	0.0376	-1.0687	0.0402	-0.6038	0.0344	-0.7022	0.0362	-0.8803	0.0384	-0.5395	0.0333	-0.6099	0.0348	-0.7354	0.0368	-1.1121	0.0416	-1.2105	0.0429	-1.3495	0.0445	-1.0269	0.0413	-1.1009	0.0425	-1.2091	0.0439	-0.9226	0.0407	-0.9756	0.0417	-1.0556	0.0429	-1.2606	0.0453	-0.075	0.0487	12.9445	0.0504	-1.1603	0.0433	-1.4098	0.0463	0.2411	0.0485	-0.9657	0.0414	-1.3069	0.044	-1.373	0.0465
LEU_13	20.2437	0.046	-0.1269	0.0431	-1.1863	0.041	91.1647	0.0487	3.9136	0.045	-1.2232	0.0423	340.3898	0.0536	16.3092	0.0476	-0.4948	0.0437	436.6109	0.0576	13.5176	0.0519	4.8634	0.0449	466.8405	0.0529	40.9572	0.0544	41.3059	0.0454	474.3453	0.0492	135.6941	0.0582	365.0711	0.044	35752256.4655	-0.0659	9031188864.3383	-1.2518	29468576.7658	-0.52	1038246449.3508	-0.3719	46792325.7003	0.1736	-0.9233	0.0387	-1.1095	0.0414	0.5801	0.0461	-0.8219	0.0378	-1.0434	0.0403	-0.6055	0.0443	-0.7393	0.0371	-0.9504	0.0394	-0.93	0.0427	-2.3377	0.0452	-2.1837	0.0475	2.976	0.0502	-2.1581	0.0436	-2.3734	0.0456	-0.7407	0.048	-1.923	0.0421	-2.2385	0.0439	-1.9178	0.046	1613.8473	0.0595	1510.6376	0.0532	769.2936	0.0497	1467.4877	0.062	340.3664	0.0571	138.1856	0.0563	14940.9072	0.0773	2428.5846	0.0604	350.0509	0.0555	-0.8171	0.0358	-0.979	0.0373	-1.193	0.039	-0.7621	0.0356	-0.9147	0.0372	-1.1198	0.0391	-0.7203	0.0356	-0.8664	0.0372	-1.0655	0.0392	2722.2239	0.0494	1079.7175	0.0436	64.2064	0.0544	389.7345	0.0575	828.7808	0.0423	63.4177	0.0596	73.4951	0.0587	559.4984	0.0427	118.7452	0.0681	365.7378	0.0631	1396.8244	0.0636	2349.3238	0.0674	250.7376	0.0647	1868.1349	0.0665	8854.322	0.0688	43.1664	0.0629	293.9188	0.0642	2348.8976	0.0677	-2.0762	0.0445	-1.9614	0.0456	-1.5686	0.0465	-1.9998	0.0435	-2.0792	0.0447	-1.929	0.0457	-1.8757	0.0427	-2.0665	0.0439	-2.0966	0.0451	-0.655	0.0443	-0.3072	0.0416	-0.8613	0.0401	-0.3362	0.0459	0.8981	0.0425	-0.1158	0.0406	-0.1217	0.0477	2.5617	0.0437	1.6401	0.0413	-0.6266	0.0353	-0.7426	0.0364	-0.8543	0.0375	-0.5632	0.0344	-0.6586	0.0354	-0.7476	0.0365	-0.5124	0.0336	-0.5912	0.0346	-0.6624	0.0356	-1.0104	0.0396	-0.9974	0.0389	-0.9736	0.0382	-0.8465	0.0381	-0.8408	0.0375	-0.8259	0.037	-0.7212	0.0368	-0.7202	0.0363	-0.711	0.0358	78572.7541	0.0055	13625.855	0.0456	4767226410.5581	-0.1207	506717.2309	-0.0287	21031.7277	-0.0566	26093134804.4021	0.3554	2663139.7881	-0.0695	49705.6089	-0.156	1846029714.2363	0.2877	-0.9905	0.0435	-1.1603	0.0451	-1.4048	0.0469	-0.8917	0.0431	-1.0198	0.0445	-1.2063	0.0462	-0.7726	0.0421	-0.8626	0.0433	-0.9945	0.0447	2071.1442	0.0616	1117.3273	0.0703	42.9532	0.0582	2051.8308	0.0509	137.4232	0.069	4.7529	0.0563	1660.2932	0.0528	23.4061	0.0628	-1.4708	0.0542	-0.8297	0.0379	0.932	0.0469	7043.8518	0.0388	-0.7759	0.0372	-0.1168	0.0444	2521.841	0.0366	-0.7437	0.0367	-0.6043	0.0426	871.4895	0.0362	-0.6368	0.0354	-0.7858	0.0376	-1.0705	0.0402	-0.5801	0.0343	-0.6871	0.0362	-0.8855	0.0384	-0.5228	0.0332	-0.6001	0.0348	-0.7405	0.0368	-1.005	0.0414	-1.1021	0.0427	-1.2369	0.0443	-0.9513	0.0412	-1.0282	0.0424	-1.1378	0.0438	-0.8736	0.0406	-0.931	0.0416	-1.015	0.0428	-1.3217	0.0453	-0.6142	0.0483	11.195	0.0471	-1.1911	0.0433	-1.4652	0.046	1.7997	0.0468	-0.9937	0.0413	-1.3403	0.0438	-0.398	0.0456
LEU_14	9.0313	0.0468	-1.3416	0.0435	-1.7513	0.0413	35.0903	0.0499	0.0763	0.0454	-1.8817	0.0427	108.8026	0.0539	3.5874	0.0477	-1.8334	0.0443	113.2672	0.0628	47.0379	0.0478	14.1856	0.0462	130.0605	0.0594	131.4653	0.0491	111.5713	0.0462	162.9809	0.0558	369.054	0.0515	1108.4389	0.042	9344563460.5459	-0.5067	207847391651.425	-1.899	373338935239.9314	-2.288	220366215.7167	-0.0392	1368038562.4581	0.1882	-0.9557	0.0384	-1.1669	0.0408	1.0279	0.0448	-0.8432	0.0376	-1.0873	0.0398	-0.5808	0.0433	-0.7525	0.0369	-0.979	0.039	-0.9768	0.042	-2.4522	0.0451	-1.466	0.0476	14.9746	0.0507	-2.2321	0.0435	-2.1157	0.0455	3.5541	0.0483	-1.9906	0.0419	-2.2036	0.0437	-0.5955	0.046	278.3103	0.0575	108.5434	0.0564	47.6621	0.0559	5217.3658	0.0617	663.2535	0.0562	109.1932	0.0561	39453.2062	0.0715	8139.7058	0.0613	1070.4108	0.057	-0.834	0.0358	-0.9986	0.0373	-1.2158	0.0391	-0.7762	0.0357	-0.9314	0.0372	-1.1396	0.0391	-0.7318	0.0356	-0.8804	0.0373	-1.0826	0.0392	3979.2978	0.0386	297.4013	0.0534	69.8198	0.0554	457.8587	0.0495	210.9237	0.0509	125.4407	0.0638	69.8682	0.0533	146.4641	0.0488	481.1211	0.0796	654.8261	0.0644	3647.2344	0.066	8471.8579	0.069	225.9772	0.0642	1918.7834	0.0669	14612.036	0.0723	25.2936	0.0637	159.9419	0.0641	1254.4592	0.0669	-2.1193	0.0443	-1.9924	0.0454	-1.7503	0.0465	-2.019	0.0433	-2.0662	0.0445	-1.96	0.0457	-1.8921	0.0425	-2.0575	0.0437	-2.0816	0.045	-0.9021	0.0441	-0.9093	0.0417	-1.5173	0.0404	-0.6416	0.0453	-0.1143	0.0424	-1.1517	0.041	-0.4249	0.0465	0.9832	0.0433	-0.3489	0.0419	-0.6527	0.0352	-0.7784	0.0362	-0.9015	0.0372	-0.5823	0.0343	-0.6857	0.0353	-0.7836	0.0363	-0.5262	0.0335	-0.6113	0.0345	-0.6894	0.0354	-1.1036	0.0395	-1.0919	0.0388	-1.0607	0.0381	-0.9183	0.038	-0.9102	0.0374	-0.8906	0.0368	-0.7724	0.0367	-0.7695	0.0362	-0.7579	0.0357	10739.0634	0.0239	15990.7579	0.0668	5161440.4783	-0.083	57084.4763	0.0056	51053.2114	-0.0564	3164342.4568	-0.014	313310.9619	-0.0229	367332.1398	-0.2626	11354333.2951	0.082	-0.9512	0.0434	-1.1227	0.045	-1.3695	0.0468	-0.8755	0.0431	-1.0102	0.0445	-1.2078	0.0462	-0.7728	0.0421	-0.8712	0.0433	-1.0163	0.0447	6263.7845	0.0405	577.3069	0.0741	28.9197	0.0583	14752.5341	0.0243	126.3558	0.0703	2.2275	0.0568	19504.0161	0.0302	60.6741	0.0621	-1.3351	0.0541	-0.8339	0.0376	-0.6569	0.0461	2013.851	0.0601	-0.7771	0.0369	-1.0461	0.0439	796.406	0.0491	-0.7435	0.0364	-1.2	0.0422	311.0022	0.0431	-0.6243	0.0354	-0.7894	0.0376	-1.1147	0.0402	-0.5738	0.0343	-0.6939	0.0361	-0.9216	0.0384	-0.5212	0.0332	-0.6081	0.0348	-0.7681	0.0367	-0.9478	0.0414	-1.0468	0.0427	-1.1825	0.0442	-0.9166	0.0412	-0.998	0.0424	-1.1126	0.0438	-0.8574	0.0406	-0.9204	0.0416	-1.0112	0.0428	-1.4122	0.0453	-0.383	0.0476	26.651	0.0413	-1.2515	0.0432	-1.1075	0.0455	13.5287	0.044	-1.0555	0.0411	-1.2157	0.0432	5.2023	0.0438
LEU_15	24.8818	0.0453	-0.8189	0.0437	-1.8559	0.0413	103.2715	0.0466	3.3129	0.0457	-1.8353	0.0428	276.749	0.0493	15.1622	0.0484	-1.2986	0.0445	2524.7258	0.0363	31.9344	0.0555	1.6523	0.0463	2306.3265	0.0356	74.2505	0.0562	23.8802	0.0468	1945.8765	0.0359	184.7257	0.0565	196.968	0.046	433097.8883	-0.0519	1869923.7392	-0.0723	191212.5251	0.0624	29348082.8116	-0.5239	1085583.102	0.0911	-0.7734	0.039	-1.0033	0.0418	-0.9835	0.0452	-0.6986	0.0381	-0.9061	0.0407	-1.0142	0.0437	-0.6381	0.0374	-0.8201	0.0398	-0.9622	0.0423	-2.1547	0.0447	-2.5847	0.0468	-2.2926	0.0493	-1.8632	0.0432	-2.3172	0.0451	-2.7159	0.0473	-1.6136	0.0417	-2.007	0.0435	-2.4793	0.0455	3948.6564	0.0634	5191.558	0.0534	2745.849	0.048	956.4678	0.0609	305.4826	0.0598	199.4986	0.0572	2096.3918	0.0736	510.285	0.0617	114.467	0.0571	-0.7032	0.0359	-0.8494	0.0375	-1.0505	0.0394	-0.6629	0.0358	-0.802	0.0375	-0.9952	0.0394	-0.6338	0.0358	-0.7685	0.0376	-0.9572	0.0396	126.0734	0.0638	3214.3123	0.0404	105.8859	0.0527	35.1657	0.0604	2003.8118	0.0436	193.7008	0.0538	9.5124	0.0565	1148.6733	0.0482	465.4444	0.0544	88.3428	0.0627	357.0115	0.0643	877.6762	0.0699	54.1007	0.0644	300.1871	0.0646	1249.9153	0.0655	12.5879	0.0634	70.6063	0.0645	399.8972	0.0656	-1.9288	0.0444	-2.1637	0.0453	-2.2448	0.0461	-1.7687	0.0434	-2.0458	0.0445	-2.231	0.0455	-1.6232	0.0426	-1.9202	0.0438	-2.1729	0.045	-2.1495	0.0452	-1.9127	0.0427	-1.78	0.0406	-2.1289	0.0465	-1.7457	0.0438	-1.6102	0.0414	-2.1248	0.0478	-1.5201	0.0452	-1.1763	0.0423	-0.5158	0.0352	-0.6038	0.0363	-0.6874	0.0374	-0.4698	0.0343	-0.5428	0.0353	-0.6099	0.0364	-0.4331	0.0336	-0.4938	0.0346	-0.5483	0.0356	-0.777	0.0392	-0.771	0.0386	-0.7568	0.038	-0.6623	0.0378	-0.6608	0.0373	-0.6515	0.0367	-0.5761	0.0366	-0.5767	0.0361	-0.5701	0.0356	448882.2895	0.0336	14417.3221	0.0915	1776938749.8036	-0.0997	8248099.6802	0.1154	5270.1807	0.0365	26408.8148	0.0064	28664920772.4517	0.4577	1824.2613	0.0149	2795.0882	0.0265	-0.8738	0.0434	-1.0151	0.045	-1.2228	0.0468	-0.767	0.0429	-0.8691	0.0443	-1.0187	0.046	-0.6531	0.0418	-0.7222	0.043	-0.8234	0.0444	1474.6905	0.0715	1393.1763	0.0692	22.1077	0.0569	327.9136	0.0689	170.8532	0.0642	2.1722	0.055	84.6593	0.0647	18.6818	0.0597	-1.4028	0.0531	-0.7494	0.0378	2.9895	0.043	3890.6403	0.0402	-0.713	0.0373	1.6839	0.0417	1358.8064	0.0405	-0.6948	0.0369	0.9525	0.0408	502.3793	0.0406	-0.5492	0.0351	-0.6632	0.0372	-0.8723	0.0397	-0.496	0.0341	-0.5771	0.0358	-0.7222	0.0379	-0.4441	0.033	-0.5024	0.0345	-0.6059	0.0364	-0.9069	0.0413	-0.9858	0.0426	-1.0973	0.0442	-0.8382	0.041	-0.8978	0.0422	-0.9848	0.0436	-0.7545	0.0404	-0.7972	0.0414	-0.8614	0.0426	-1.0929	0.0452	-0.6676	0.0489	7.562	0.052	-0.9526	0.0431	-1.2444	0.0464	-0.6389	0.0494	-0.7881	0.0412	-1.0823	0.0439	-1.3968	0.0469
LEU_16	8.7503	0.0466	-1.7667	0.0442	-1.9669	0.0417	31.2742	0.0488	-0.4725	0.0462	-2.1139	0.0432	79.9417	0.0513	2.808	0.0484	-2.1542	0.0448	1709.8269	0.0437	17.1358	0.0551	7.4795	0.0452	1714.3445	0.0403	42.9469	0.0569	66.1753	0.0443	1578.0121	0.0379	109.8429	0.0583	581.0635	0.0404	1973547.4509	-0.1503	32800385.8878	-0.5068	416246.0383	-0.1115	207401953.0229	-0.7368	10197397.9164	0.1391	-0.8376	0.0387	-1.0491	0.0415	-0.4354	0.0455	-0.75	0.0379	-0.9646	0.0404	-0.8584	0.0438	-0.6789	0.0372	-0.8755	0.0395	-0.9483	0.0424	-2.2494	0.0446	-2.6819	0.0468	-1.6112	0.0495	-1.9418	0.0431	-2.3923	0.045	-2.3735	0.0473	-1.693	0.0416	-2.0935	0.0433	-2.3835	0.0454	298.8753	0.0598	170.7201	0.0583	91.1251	0.0562	1535.4735	0.0612	291.7311	0.058	67.0111	0.0573	5259.236	0.0666	1480.3405	0.0601	283.404	0.057	-0.7367	0.0358	-0.8883	0.0374	-1.0923	0.0393	-0.6915	0.0357	-0.8353	0.0374	-1.0317	0.0393	-0.6579	0.0358	-0.7967	0.0375	-0.9885	0.0395	694.6813	0.0627	3298.1415	0.038	86.3811	0.0557	151.6437	0.063	2256.7653	0.0396	103.1758	0.0593	37.3989	0.06	1362.2943	0.0434	184.3921	0.0618	165.5053	0.0637	828.8765	0.0639	2388.8426	0.066	63.3702	0.0648	403.6879	0.0658	2275.1311	0.0674	9.9144	0.0636	55.4125	0.0646	336.7509	0.066	-1.986	0.0442	-2.1783	0.0451	-2.158	0.0459	-1.8244	0.0432	-2.0638	0.0443	-2.1555	0.0453	-1.683	0.0424	-1.9546	0.0436	-2.1279	0.0448	-2.2441	0.045	-2.0767	0.0426	-1.949	0.0408	-2.2456	0.0461	-2.0231	0.0435	-1.9336	0.0416	-2.2331	0.0474	-1.8949	0.0446	-1.7949	0.0424	-0.5531	0.035	-0.6525	0.0361	-0.7478	0.0372	-0.5003	0.0341	-0.5825	0.0352	-0.6589	0.0363	-0.4579	0.0334	-0.5262	0.0344	-0.588	0.0354	-0.87	0.0392	-0.8571	0.0385	-0.836	0.0379	-0.7348	0.0377	-0.7288	0.0372	-0.715	0.0366	-0.6319	0.0365	-0.63	0.036	-0.6206	0.0355	496431.1304	-0.0136	13693.8731	0.0631	103083230.0906	0.0584	1920034.3567	-0.032	11158.7563	-0.0358	23802121.8502	0.0874	4086001.6239	-0.0172	10524.7241	-0.085	290535.2861	0.0418	-0.8306	0.0432	-0.9712	0.0447	-1.1768	0.0466	-0.746	0.0428	-0.851	0.0442	-1.0049	0.0459	-0.6464	0.0418	-0.7196	0.043	-0.8269	0.0444	1014.4202	0.0718	666.5384	0.0703	17.1374	0.0564	477.3398	0.0679	80.6887	0.0652	0.3364	0.0551	252.8755	0.065	9.5799	0.0598	-1.7936	0.0532	-0.776	0.0379	2.8743	0.0449	10091.5389	0.0296	-0.7327	0.0373	1.2738	0.043	3238.1701	0.033	-0.7089	0.0369	0.4393	0.0416	1072.9149	0.0354	-0.5347	0.0351	-0.6576	0.0372	-0.8909	0.0396	-0.4879	0.034	-0.5769	0.0358	-0.741	0.0379	-0.4409	0.0329	-0.5057	0.0344	-0.6232	0.0363	-0.8448	0.0412	-0.9246	0.0425	-1.0356	0.044	-0.7989	0.041	-0.8616	0.0421	-0.9513	0.0435	-0.7329	0.0403	-0.7792	0.0413	-0.8474	0.0426	-1.1602	0.0453	-1.1302	0.0491	4.1849	0.0506	-0.9967	0.0432	-1.3557	0.0465	-0.5477	0.0489	-0.8279	0.0411	-1.1596	0.0439	-1.2441	0.0466
LEU_17	1.5132	0.0474	-2.1961	0.0445	-1.9232	0.0419	8.5951	0.0495	-2.0256	0.0463	-2.1296	0.0434	25.1757	0.0512	-1.4046	0.0483	-2.3387	0.045	643.0648	0.0556	26.4326	0.0518	16.3651	0.045	672.2629	0.0497	64.4014	0.0534	125.2069	0.0432	664.8402	0.0446	145.3686	0.055	1066.4668	0.0378	6913581.5114	-0.4338	11137069353620.799	-2.9938	383851550.2507	-0.8406	9873641.4966	-0.3764	17097448.9226	0.1338	-0.8953	0.0384	-1.0968	0.0411	0.2937	0.0455	-0.7948	0.0376	-1.0206	0.0401	-0.6842	0.0438	-0.7135	0.037	-0.9248	0.0392	-0.9403	0.0423	-2.3284	0.0445	-2.3144	0.0468	3.2066	0.0501	-2.0489	0.0429	-2.3005	0.0448	-0.4231	0.0475	-1.8034	0.0414	-2.1345	0.0431	-1.7086	0.0453	381.5449	0.0575	81.4046	0.057	21.2455	0.0567	5564.3499	0.0613	930.3123	0.0578	149.0864	0.0569	7102.0523	0.0625	2839.0027	0.0593	611.8821	0.0574	-0.7754	0.0358	-0.9318	0.0373	-1.1367	0.0392	-0.7247	0.0357	-0.873	0.0373	-1.0714	0.0393	-0.686	0.0358	-0.829	0.0375	-1.0233	0.0395	2638.9964	0.0547	1560.9671	0.0432	90.0569	0.0569	384.9223	0.0613	1154.0313	0.0426	98.7767	0.0621	75.4909	0.0608	748.4969	0.044	146.6745	0.0658	197.4891	0.0642	1254.962	0.0653	5031.387	0.0683	45.7236	0.0647	292.3909	0.0655	2031.1315	0.0684	5.0544	0.064	29.4142	0.0648	165.0365	0.0658	-2.0199	0.044	-2.0361	0.0449	-1.7833	0.0456	-1.8839	0.043	-2.0106	0.0441	-1.9061	0.045	-1.75	0.0422	-1.9571	0.0434	-1.9815	0.0445	-2.3191	0.0446	-2.1892	0.0425	-2.0221	0.041	-2.3116	0.0456	-2.2002	0.0432	-2.1032	0.0417	-2.2324	0.0467	-2.0907	0.044	-2.1206	0.0425	-0.5965	0.0348	-0.7092	0.0359	-0.8188	0.037	-0.5352	0.034	-0.6282	0.035	-0.7157	0.036	-0.4861	0.0333	-0.5631	0.0342	-0.6334	0.0352	-0.9864	0.0391	-0.9693	0.0384	-0.941	0.0377	-0.824	0.0376	-0.8145	0.0371	-0.7964	0.0365	-0.6985	0.0363	-0.6948	0.0359	-0.6834	0.0354	244424.6387	-0.0074	17648.6406	0.0616	26777523.2079	-0.0223	1895123.6949	-0.0495	50053.4701	-0.1058	2175906838.0607	0.1962	10896262.4939	-0.0968	288542.8077	-0.2671	40626307.731	0.1154	-0.8218	0.0431	-0.967	0.0447	-1.1806	0.0465	-0.7529	0.0428	-0.865	0.0442	-1.0311	0.0459	-0.6643	0.0418	-0.7457	0.043	-0.8661	0.0445	2756.417	0.0611	272.7929	0.0727	8.0852	0.057	2925.0411	0.062	58.2202	0.067	-0.8459	0.0556	2143.5147	0.0653	23.1895	0.0593	-1.7791	0.0532	-0.801	0.0378	1.224	0.0462	8940.5303	0.0345	-0.751	0.0372	0.0744	0.0438	2973.0313	0.0337	-0.7223	0.0367	-0.4665	0.0421	978.9311	0.0345	-0.5407	0.0351	-0.68	0.0371	-0.9544	0.0396	-0.4981	0.034	-0.6002	0.0357	-0.794	0.0378	-0.4539	0.0329	-0.5285	0.0344	-0.6663	0.0362	-0.8235	0.0411	-0.9068	0.0424	-1.022	0.044	-0.7932	0.041	-0.8608	0.0421	-0.9568	0.0435	-0.7397	0.0404	-0.7914	0.0414	-0.8667	0.0426	-1.2636	0.0456	-1.1085	0.0496	9.7396	0.0484	-1.0837	0.0433	-1.2889	0.0466	3.4096	0.0477	-0.9097	0.0411	-1.203	0.0437	0.4334	0.0452
