ARG	LEU_0_Vdw	LEU_0_Elec	LEU_1_Vdw	LEU_1_Elec	LEU_2_Vdw	LEU_2_Elec	LEU_3_Vdw	LEU_3_Elec	LEU_4_Vdw	LEU_4_Elec	LEU_5_Vdw	LEU_5_Elec	LEU_6_Vdw	LEU_6_Elec	LEU_7_Vdw	LEU_7_Elec	LEU_8_Vdw	LEU_8_Elec	LEU_9_Vdw	LEU_9_Elec	LEU_10_Vdw	LEU_10_Elec	LEU_11_Vdw	LEU_11_Elec	LEU_12_Vdw	LEU_12_Elec	LEU_13_Vdw	LEU_13_Elec	LEU_14_Vdw	LEU_14_Elec	LEU_15_Vdw	LEU_15_Elec	LEU_16_Vdw	LEU_16_Elec	LEU_17_Vdw	LEU_17_Elec	LEU_18_Vdw	LEU_18_Elec	LEU_19_Vdw	LEU_19_Elec	LEU_20_Vdw	LEU_20_Elec	LEU_21_Vdw	LEU_21_Elec	LEU_22_Vdw	LEU_22_Elec	LEU_23_Vdw	LEU_23_Elec	LEU_24_Vdw	LEU_24_Elec	LEU_25_Vdw	LEU_25_Elec	LEU_26_Vdw	LEU_26_Elec
ARG_0	-0.9512	0.0382	-1.4203	0.039	-1.4599	0.0399	-0.814	0.0382	-1.4631	0.0389	-1.5878	0.0397	-0.361	0.0383	-1.3608	0.0389	-1.6563	0.0396	-1.3959	0.0375	-1.3209	0.0382	-0.9259	0.0385	-1.5017	0.037	-1.4122	0.0377	-0.6952	0.0381	-1.5374	0.0366	-1.4574	0.0372	-0.2456	0.0377	-0.7695	0.0409	-0.8378	0.041	-0.617	0.0411	-0.9299	0.0409	-0.9136	0.041	-0.2481	0.0409	-1.1009	0.041	-0.942	0.041	0.4945	0.0408
ARG_1	-0.6169	0.039	-1.4776	0.0404	-1.5967	0.0417	-0.3996	0.0388	-1.4842	0.0399	-1.7154	0.0413	0.1893	0.0386	-1.3131	0.0396	-1.7582	0.041	-1.4999	0.0392	-1.5318	0.0403	-1.2271	0.0408	-1.558	0.0385	-1.6705	0.0397	-0.9432	0.0404	-1.5121	0.0378	-1.7319	0.039	-0.294	0.0399	-0.823	0.0429	-0.9339	0.0431	-0.8305	0.0432	-0.9946	0.043	-1.0613	0.0431	-0.4089	0.0431	-1.1854	0.0431	-1.1299	0.0431	0.5851	0.043
ARG_2	-0.1794	0.0398	-1.2694	0.0423	-1.4942	0.0446	0.2494	0.039	-1.0717	0.0412	-1.4541	0.0438	1.2389	0.0382	-0.604	0.0402	-1.2767	0.0429	-1.6351	0.0417	-1.6822	0.0434	-1.1904	0.0442	-1.5831	0.0407	-1.6915	0.0427	-0.1807	0.0438	-1.36	0.0394	-1.4947	0.0418	1.7998	0.0432	-0.9289	0.0457	-1.0415	0.0459	-0.7832	0.0461	-1.1092	0.0458	-1.1378	0.0459	0.4537	0.046	-1.308	0.0459	-1.1104	0.0459	3.1314	0.0459
ARG_3	-0.9404	0.0384	-1.4635	0.0392	-1.5196	0.04	-0.8087	0.0387	-1.4984	0.0391	-1.6432	0.0399	-0.1504	0.039	-1.3327	0.0393	-1.6904	0.0399	-1.4414	0.0376	-1.4574	0.0383	-1.1851	0.0387	-1.5379	0.037	-1.5979	0.0377	-1.0051	0.0382	-1.5834	0.0367	-1.6788	0.0373	-0.6113	0.0378	-0.7968	0.0415	-0.9045	0.0416	-0.8186	0.0416	-0.9674	0.0415	-1.0284	0.0416	-0.5182	0.0414	-1.1522	0.0416	-1.0989	0.0416	0.1272	0.0414
ARG_4	-0.7132	0.0388	-1.491	0.04	-1.6143	0.0415	-0.4506	0.0389	-1.443	0.0397	-1.6878	0.041	0.5653	0.0392	-1.1117	0.0397	-1.6482	0.0408	-1.591	0.0393	-1.6375	0.0405	-1.1896	0.0412	-1.6166	0.0383	-1.7146	0.0396	-0.5334	0.0406	-1.5667	0.0375	-1.6924	0.0387	0.4532	0.0399	-0.8889	0.044	-1.0038	0.0441	-0.7725	0.0442	-1.0694	0.044	-1.116	0.0441	0.0897	0.0441	-1.2665	0.0441	-1.1541	0.0441	1.4552	0.044
ARG_5	2.1477	0.0377	2.1245	0.04	1.835	0.043	3.4855	0.0373	3.2811	0.0388	2.8981	0.0417	5.9112	0.0376	4.8392	0.0383	4.175	0.0407	-1.0195	0.0416	-0.7943	0.0439	-0.1679	0.045	-0.3912	0.0396	0.0628	0.0424	2.3995	0.044	0.5818	0.0376	1.4256	0.0404	5.779	0.0428	-1.0657	0.0474	-1.1462	0.0476	-0.3919	0.0478	-1.2546	0.0474	-1.1422	0.0475	2.2644	0.0476	-1.4498	0.0475	-0.9714	0.0475	5.828	0.0474
ARG_6	-1.1583	0.0394	-1.5368	0.0398	-1.563	0.0403	-0.9629	0.04	-1.546	0.0402	-1.671	0.0405	0.0633	0.0406	-1.2682	0.0407	-1.673	0.0409	-1.5028	0.0376	-1.5298	0.0382	-1.2065	0.0386	-1.6308	0.0373	-1.678	0.0377	-0.9615	0.0381	-1.7366	0.0373	-1.7827	0.0375	-0.6607	0.0379	-0.8158	0.0419	-0.9365	0.0419	-0.8112	0.0419	-0.9909	0.0419	-1.0714	0.0419	-0.4203	0.0417	-1.1824	0.042	-1.1672	0.042	0.0728	0.0417
ARG_7	-0.4808	0.0404	-0.9728	0.0408	-1.131	0.0416	0.0754	0.0414	-0.7223	0.0413	-1.0497	0.0419	1.7167	0.0426	-0.0408	0.0422	-0.7776	0.0424	-1.479	0.0391	-1.4468	0.0401	-0.813	0.0409	-1.436	0.0383	-1.3423	0.0391	0.3048	0.0401	-1.3171	0.0381	-1.1517	0.0385	1.335	0.0396	-0.9578	0.0448	-1.054	0.0449	-0.5323	0.045	-1.1427	0.0448	-1.1224	0.0449	0.8348	0.0447	-1.3393	0.045	-1.1272	0.0449	2.0628	0.0446
ARG_8	18.9269	0.0404	22.7021	0.04	23.7241	0.0414	24.5749	0.0428	26.7683	0.0413	27.8243	0.0417	32.7247	0.0458	32.1814	0.0437	31.9787	0.0431	6.3795	0.0404	8.665	0.0419	5.6739	0.0437	10.3283	0.0383	14.1641	0.0397	11.7782	0.0422	14.8942	0.0374	20.3308	0.038	18.2356	0.0409	-1.2175	0.0488	-1.244	0.0489	0.1129	0.049	-1.398	0.0488	-1.1101	0.0488	3.6022	0.0487	-1.563	0.0489	-0.8552	0.0488	6.0496	0.0485
ARG_9	-0.6632	0.0355	-1.1289	0.0357	-1.1885	0.0358	-0.4978	0.0357	-1.1469	0.0358	-1.2922	0.0359	-0.0253	0.0358	-1.0213	0.036	-1.336	0.0361	-1.1612	0.0337	-1.0849	0.0338	-0.671	0.0338	-1.2413	0.0336	-1.1385	0.0336	-0.3922	0.0336	-1.2496	0.0335	-1.1485	0.0335	0.0895	0.0335	-0.687	0.0356	-0.7438	0.0357	-0.4752	0.0357	-0.8377	0.0357	-0.8002	0.0358	-0.0628	0.0356	-0.997	0.0358	-0.8112	0.0358	0.7009	0.0356
ARG_10	-0.1057	0.0365	-1.0447	0.0368	-1.2047	0.0369	0.1553	0.0367	-1.0198	0.0369	-1.2951	0.037	0.7668	0.0368	-0.8202	0.037	-1.3094	0.0371	-1.142	0.0347	-1.2005	0.0348	-0.9193	0.0349	-1.1567	0.0346	-1.3036	0.0347	-0.5819	0.0347	-1.0601	0.0346	-1.3238	0.0346	0.1592	0.0346	-0.6971	0.0367	-0.8034	0.0368	-0.6861	0.0369	-0.8561	0.0368	-0.9177	0.0369	-0.2261	0.0369	-1.0327	0.0369	-0.969	0.037	0.8609	0.0369
ARG_11	0.1736	0.0382	-1.0683	0.0385	-1.271	0.0386	0.4755	0.0383	-1.0135	0.0386	-1.3478	0.0387	1.3053	0.0384	-0.7202	0.0387	-1.3207	0.0388	-1.1522	0.0363	-1.2335	0.0364	-0.6449	0.0365	-1.1051	0.0362	-1.2224	0.0364	0.7069	0.0365	-0.926	0.0362	-1.0029	0.0362	3.3526	0.0363	-0.7258	0.0383	-0.825	0.0385	-0.4716	0.0386	-0.8855	0.0385	-0.876	0.0386	1.1666	0.0387	-1.0578	0.0386	-0.7627	0.0387	4.7559	0.0387
ARG_12	-0.5046	0.0357	-1.0504	0.0359	-1.1382	0.036	-0.3494	0.0358	-1.0583	0.036	-1.2328	0.0361	0.3061	0.0359	-0.8746	0.0361	-1.254	0.0363	-1.1036	0.0339	-1.1377	0.0339	-0.8897	0.0339	-1.1626	0.0338	-1.2405	0.0338	-0.6806	0.0338	-1.168	0.0337	-1.2812	0.0337	-0.2489	0.0337	-0.6847	0.0358	-0.784	0.0359	-0.6805	0.0359	-0.843	0.0359	-0.893	0.036	-0.3708	0.0358	-1.0139	0.036	-0.9469	0.036	0.2942	0.0358
ARG_13	-0.1881	0.0371	-1.0492	0.0374	-1.1959	0.0376	0.0541	0.0372	-1.0129	0.0375	-1.2738	0.0377	1.0323	0.0373	-0.7059	0.0376	-1.2462	0.0378	-1.1077	0.0353	-1.1896	0.0354	-0.7062	0.0355	-1.1087	0.0352	-1.2359	0.0353	0.0945	0.0354	-1.0423	0.0352	-1.1816	0.0352	1.2757	0.0353	-0.7087	0.0373	-0.8128	0.0375	-0.5237	0.0375	-0.8703	0.0374	-0.8964	0.0375	0.4969	0.0375	-1.0455	0.0376	-0.8952	0.0376	2.1034	0.0375
ARG_14	-0.4315	0.0394	-1.2286	0.0398	-1.3344	0.0399	-0.1475	0.0395	-1.1806	0.0399	-1.4067	0.04	1.0361	0.0396	-0.8067	0.04	-1.3486	0.0402	-1.2136	0.0374	-1.1533	0.0375	0.2456	0.0377	-1.2124	0.0373	-0.9063	0.0375	3.2145	0.0376	-1.1343	0.0373	-0.425	0.0374	6.9053	0.0375	-0.7554	0.0395	-0.8002	0.0397	0.241	0.0398	-0.9121	0.0396	-0.6932	0.0398	3.8481	0.0399	-1.0663	0.0398	-0.3657	0.0399	8.5463	0.0399
ARG_15	-0.6334	0.0357	-1.0284	0.036	-1.0809	0.0362	-0.4327	0.0358	-1.0227	0.0361	-1.1649	0.0363	0.5799	0.036	-0.7452	0.0362	-1.1536	0.0364	-1.0587	0.034	-1.1141	0.0341	-0.8223	0.0341	-1.1469	0.0339	-1.2213	0.034	-0.542	0.034	-1.2178	0.0338	-1.2861	0.0339	-0.2029	0.0339	-0.6667	0.036	-0.7783	0.0361	-0.635	0.036	-0.8254	0.0361	-0.8968	0.0361	-0.2337	0.036	-0.9992	0.0362	-0.9754	0.0362	0.2718	0.036
ARG_16	-0.6683	0.0376	-1.1375	0.038	-1.1894	0.0382	-0.4007	0.0377	-1.1089	0.0381	-1.2666	0.0383	0.8498	0.0377	-0.7533	0.0381	-1.2253	0.0384	-1.1319	0.0359	-1.1094	0.036	-0.2166	0.0361	-1.2028	0.0358	-1.0675	0.0359	1.0769	0.036	-1.2467	0.0357	-0.9648	0.0358	2.1959	0.0359	-0.7044	0.038	-0.7776	0.0381	-0.1165	0.0382	-0.8617	0.0381	-0.7946	0.0382	1.5411	0.0382	-1.0269	0.0382	-0.7397	0.0382	2.9784	0.0381
ARG_17	-1.1248	0.0407	-1.4255	0.0412	-1.4058	0.0413	-0.8958	0.0407	-1.4251	0.0412	-1.4982	0.0415	0.154	0.0407	-1.133	0.0413	-1.4779	0.0415	-1.3285	0.0386	-0.9994	0.0388	1.2098	0.0389	-1.407	0.0386	-0.5413	0.0388	4.748	0.0388	-1.4302	0.0385	-0.0355	0.0387	7.1002	0.0387	-0.7704	0.0408	-0.7244	0.041	1.0594	0.0411	-0.9167	0.0409	-0.4444	0.0411	5.4777	0.0411	-1.048	0.041	-0.0406	0.0411	8.3001	0.0411
ARG_18	-0.3944	0.0433	-1.5676	0.0432	-1.8171	0.0431	0.1357	0.0444	-1.3489	0.0442	-1.8109	0.0438	1.1164	0.045	-0.823	0.045	-1.6029	0.0447	-1.76	0.0396	-1.8218	0.0399	-1.4698	0.0401	-1.7729	0.0398	-1.9548	0.0398	-1.0275	0.0398	-1.606	0.0407	-1.9555	0.0402	-0.0428	0.0399	-0.9256	0.0441	-1.0537	0.0442	-0.9468	0.0443	-1.1102	0.0441	-1.1834	0.0442	-0.3192	0.0441	-1.3096	0.0443	-1.2303	0.0443	1.131	0.0441
ARG_19	-1.1015	0.0441	-1.5575	0.044	-1.6256	0.0437	-0.91	0.0446	-1.5361	0.0445	-1.7108	0.0443	-0.2823	0.0444	-1.3228	0.0447	-1.6964	0.0447	-1.6111	0.0396	-1.5856	0.0395	-1.3167	0.0393	-1.7221	0.0404	-1.7211	0.04	-1.1814	0.0396	-1.7511	0.0416	-1.7789	0.0409	-0.8108	0.0403	-0.8908	0.0422	-1.0048	0.0423	-0.9351	0.0422	-1.0725	0.0423	-1.1215	0.0423	-0.6768	0.0422	-1.2609	0.0425	-1.1752	0.0424	-0.0418	0.0422
ARG_20	-1.0681	0.043	-1.4046	0.0429	-1.4375	0.0427	-0.8877	0.0432	-1.4104	0.0432	-1.5369	0.0431	0.0035	0.0429	-1.1646	0.0431	-1.5373	0.0432	-1.4301	0.039	-1.4626	0.0388	-1.2421	0.0386	-1.5583	0.0398	-1.6154	0.0394	-1.1134	0.0392	-1.6509	0.0408	-1.7132	0.0403	-0.8793	0.0399	-0.8339	0.041	-0.9718	0.0411	-0.9335	0.041	-1.0142	0.0412	-1.1151	0.0413	-0.6971	0.0411	-1.206	0.0415	-1.2112	0.0415	-0.2885	0.0413
ARG_21	-0.958	0.0437	-1.4471	0.0436	-1.5166	0.0434	-0.6765	0.0439	-1.4012	0.0438	-1.5911	0.0438	0.5281	0.0435	-1.0331	0.0438	-1.5337	0.0439	-1.4798	0.0395	-1.5099	0.0394	-1.0242	0.0392	-1.5782	0.0404	-1.6082	0.04	-0.4664	0.0398	-1.6303	0.0415	-1.6422	0.0409	0.1043	0.0405	-0.8569	0.0417	-0.9839	0.0417	-0.7203	0.0417	-1.038	0.0419	-1.0928	0.0419	0.0559	0.0419	-1.2296	0.0422	-1.1462	0.0421	0.8699	0.042
ARG_22	-1.0525	0.0446	-1.5682	0.0445	-1.6437	0.0443	-0.6822	0.0448	-1.4663	0.0448	-1.6836	0.0447	0.6552	0.0444	-1.0103	0.0447	-1.5612	0.0448	-1.6062	0.0403	-1.5267	0.0402	-0.4004	0.04	-1.6923	0.0413	-1.4523	0.0409	1.2584	0.0406	-1.7042	0.0424	-1.2858	0.0418	2.6527	0.0413	-0.8992	0.0426	-0.979	0.0427	-0.1691	0.0427	-1.0774	0.0427	-0.9687	0.0428	1.9702	0.0428	-1.2559	0.043	-0.8644	0.043	3.7601	0.0429
ARG_23	-0.3821	0.0285	-0.3445	0.0286	-0.3152	0.0286	-0.4288	0.0286	-0.3893	0.0287	-0.3579	0.0287	-0.4786	0.0287	-0.439	0.0288	-0.4065	0.0288	-0.3526	0.027	-0.3635	0.027	-0.3853	0.0269	-0.4267	0.0271	-0.4424	0.0271	-0.4677	0.027	-0.5134	0.0272	-0.5324	0.0271	-0.5575	0.0271	-0.2223	0.0283	-0.2704	0.0282	-0.3262	0.0279	-0.2793	0.0284	-0.345	0.0282	-0.4148	0.0279	-0.352	0.0285	-0.4343	0.0283	-0.5124	0.028
ARG_24	-0.3932	0.029	-0.3549	0.029	-0.3249	0.0291	-0.4409	0.0291	-0.4007	0.0291	-0.3687	0.0292	-0.4917	0.0292	-0.4514	0.0292	-0.4182	0.0293	-0.363	0.0274	-0.3739	0.0274	-0.396	0.0274	-0.4385	0.0275	-0.4542	0.0275	-0.4798	0.0274	-0.5266	0.0276	-0.5455	0.0276	-0.5709	0.0275	-0.2285	0.0287	-0.2777	0.0286	-0.3349	0.0284	-0.2867	0.0288	-0.3535	0.0287	-0.4248	0.0284	-0.3605	0.029	-0.444	0.0288	-0.5236	0.0285
ARG_25	-0.4075	0.0295	-0.3681	0.0296	-0.3372	0.0296	-0.4564	0.0296	-0.4152	0.0297	-0.3823	0.0297	-0.5084	0.0297	-0.4672	0.0298	-0.4333	0.0298	-0.3763	0.0279	-0.3873	0.0279	-0.4099	0.0278	-0.4537	0.028	-0.4694	0.028	-0.4955	0.0279	-0.5435	0.0281	-0.5625	0.0281	-0.5883	0.028	-0.2366	0.0292	-0.2872	0.0291	-0.3463	0.0289	-0.2962	0.0293	-0.3647	0.0292	-0.4381	0.0289	-0.3716	0.0295	-0.4567	0.0293	-0.5384	0.029
ARG_26	-0.3684	0.0282	-0.3318	0.0283	-0.3034	0.0283	-0.4136	0.0283	-0.3751	0.0283	-0.3447	0.0284	-0.4619	0.0284	-0.4232	0.0284	-0.3915	0.0285	-0.3386	0.0267	-0.3489	0.0267	-0.3697	0.0267	-0.41	0.0268	-0.4249	0.0268	-0.4488	0.0267	-0.4939	0.0269	-0.5118	0.0268	-0.5356	0.0268	-0.2132	0.028	-0.2593	0.0279	-0.3128	0.0276	-0.268	0.0281	-0.3311	0.0279	-0.3979	0.0276	-0.3381	0.0282	-0.4173	0.028	-0.4921	0.0277
ARG_27	-0.3778	0.0286	-0.3406	0.0287	-0.3116	0.0287	-0.4239	0.0287	-0.3847	0.0288	-0.3537	0.0288	-0.4729	0.0288	-0.4336	0.0288	-0.4015	0.0289	-0.3474	0.0271	-0.3578	0.0271	-0.3788	0.027	-0.42	0.0272	-0.4349	0.0271	-0.4591	0.0271	-0.5051	0.0273	-0.523	0.0272	-0.547	0.0272	-0.2185	0.0284	-0.2656	0.0283	-0.3202	0.028	-0.2743	0.0285	-0.3384	0.0283	-0.4065	0.0281	-0.3454	0.0286	-0.4257	0.0284	-0.5018	0.0281
ARG_28	-0.3894	0.0291	-0.3514	0.0291	-0.3217	0.0292	-0.4365	0.0292	-0.3966	0.0292	-0.3649	0.0293	-0.4865	0.0293	-0.4465	0.0293	-0.4138	0.0294	-0.3584	0.0275	-0.3689	0.0275	-0.3904	0.0275	-0.4326	0.0276	-0.4476	0.0276	-0.4722	0.0275	-0.5191	0.0277	-0.5371	0.0277	-0.5615	0.0276	-0.2253	0.0288	-0.2736	0.0287	-0.3298	0.0285	-0.2823	0.0289	-0.3479	0.0288	-0.4176	0.0285	-0.3547	0.0291	-0.4364	0.0289	-0.5142	0.0286
ARG_29	-0.3566	0.0279	-0.3209	0.028	-0.2933	0.028	-0.4006	0.028	-0.3629	0.0281	-0.3333	0.0281	-0.4477	0.0281	-0.4096	0.0281	-0.3787	0.0282	-0.3268	0.0265	-0.3368	0.0265	-0.3569	0.0264	-0.396	0.0265	-0.4103	0.0265	-0.4336	0.0265	-0.4775	0.0266	-0.4948	0.0266	-0.5184	0.0265	-0.2057	0.0277	-0.2502	0.0276	-0.3019	0.0274	-0.2586	0.0278	-0.3197	0.0277	-0.3844	0.0274	-0.3266	0.0279	-0.4034	0.0278	-0.4765	0.0274
ARG_30	-0.3645	0.0283	-0.3283	0.0284	-0.3002	0.0284	-0.4092	0.0284	-0.371	0.0284	-0.3409	0.0285	-0.457	0.0285	-0.4184	0.0285	-0.3871	0.0286	-0.3343	0.0268	-0.3443	0.0268	-0.3646	0.0268	-0.4045	0.0269	-0.4189	0.0268	-0.4424	0.0268	-0.487	0.0269	-0.5043	0.0269	-0.5281	0.0269	-0.2102	0.0281	-0.2556	0.028	-0.3082	0.0277	-0.264	0.0282	-0.326	0.028	-0.3917	0.0278	-0.3328	0.0283	-0.4106	0.0281	-0.4848	0.0278
ARG_31	-0.374	0.0287	-0.3371	0.0288	-0.3085	0.0288	-0.4195	0.0288	-0.3806	0.0288	-0.35	0.0289	-0.468	0.0289	-0.4289	0.0289	-0.3971	0.029	-0.3434	0.0272	-0.3535	0.0272	-0.3742	0.0271	-0.4149	0.0272	-0.4294	0.0272	-0.4533	0.0272	-0.4986	0.0273	-0.5161	0.0273	-0.5402	0.0273	-0.216	0.0285	-0.2623	0.0284	-0.3162	0.0281	-0.2708	0.0286	-0.3339	0.0284	-0.4011	0.0281	-0.3407	0.0287	-0.4197	0.0285	-0.4953	0.0282
ARG_32	-0.7474	0.0404	-1.255	0.0404	-1.3274	0.0403	-0.6008	0.0408	-1.2853	0.0408	-1.4464	0.0407	-0.1141	0.041	-1.1634	0.041	-1.5023	0.0411	-1.3465	0.0367	-1.3236	0.0368	-1.0084	0.0368	-1.4398	0.0373	-1.4203	0.0374	-0.7954	0.0375	-1.4534	0.0381	-1.4514	0.0381	-0.3315	0.0381	-0.8366	0.0389	-0.9434	0.0389	-0.7899	0.0387	-1.0188	0.0392	-1.048	0.0394	-0.4665	0.0393	-1.2064	0.0398	-1.0908	0.0399	0.2667	0.0398
ARG_33	-0.2959	0.0394	-1.1271	0.0394	-1.2721	0.0394	-0.0757	0.0397	-1.1168	0.0397	-1.3717	0.0397	0.5503	0.0399	-0.9228	0.04	-1.393	0.04	-1.2468	0.0361	-1.3093	0.0361	-1.0445	0.0362	-1.2821	0.0365	-1.4232	0.0365	-0.753	0.0366	-1.2169	0.0371	-1.4543	0.0371	-0.1232	0.0371	-0.786	0.0382	-0.9116	0.0382	-0.8155	0.0381	-0.9628	0.0385	-1.0402	0.0386	-0.4087	0.0385	-1.1528	0.0389	-1.1029	0.039	0.5245	0.0389
ARG_34	0.0453	0.0387	-1.0536	0.0387	-1.2478	0.0387	0.3214	0.0389	-1.0081	0.039	-1.3291	0.039	1.1264	0.0391	-0.7319	0.0392	-1.3114	0.0392	-1.1769	0.0357	-1.2746	0.0357	-0.8655	0.0358	-1.1551	0.036	-1.3344	0.036	-0.102	0.0361	-1.0172	0.0364	-1.2624	0.0364	1.3301	0.0364	-0.7599	0.0378	-0.8808	0.0378	-0.6697	0.0378	-0.9312	0.038	-0.9808	0.0381	0.2892	0.0381	-1.1157	0.0384	-0.9775	0.0384	2.265	0.0383
ARG_35	-0.5584	0.0382	-1.0704	0.0382	-1.1563	0.0382	-0.392	0.0385	-1.0758	0.0385	-1.2514	0.0385	0.4029	0.0388	-0.8561	0.0388	-1.2632	0.0388	-1.16	0.0351	-1.2267	0.0351	-0.9927	0.0351	-1.2331	0.0355	-1.344	0.0355	-0.772	0.0356	-1.2624	0.036	-1.3973	0.0361	-0.3703	0.0361	-0.7565	0.0371	-0.8829	0.0371	-0.7991	0.0368	-0.9324	0.0374	-1.0158	0.0374	-0.4798	0.0372	-1.1196	0.0379	-1.0924	0.0379	0.1252	0.0377
ARG_36	-0.3249	0.0376	-1.0207	0.0377	-1.1444	0.0376	-0.0862	0.0379	-0.9885	0.0379	-1.2213	0.0379	0.9669	0.0381	-0.6711	0.0382	-1.1909	0.0382	-1.1053	0.0348	-1.1901	0.0348	-0.7544	0.0348	-1.1351	0.0351	-1.2534	0.0351	-0.1076	0.0351	-1.116	0.0354	-1.2361	0.0355	0.7431	0.0355	-0.7353	0.0368	-0.8527	0.0367	-0.596	0.0365	-0.9058	0.037	-0.9538	0.037	0.2418	0.0369	-1.088	0.0374	-0.9845	0.0374	1.3999	0.0372
ARG_37	-0.3174	0.0372	-1.0425	0.0373	-1.1612	0.0374	-0.0288	0.0375	-0.9878	0.0375	-1.2252	0.0376	1.1938	0.0377	-0.6072	0.0378	-1.1634	0.0378	-1.0972	0.0346	-1.1157	0.0347	-0.1811	0.0347	-1.1088	0.0348	-1.0278	0.0348	1.5225	0.0349	-1.0646	0.0351	-0.8094	0.0351	3.468	0.0351	-0.7285	0.0366	-0.8101	0.0367	-0.1293	0.0365	-0.8915	0.0368	-0.8112	0.0369	1.985	0.0368	-1.0587	0.0371	-0.6877	0.0371	4.483	0.0369
ARG_38	-0.6863	0.0363	-0.9866	0.0364	-1.0216	0.0364	-0.4641	0.0366	-0.9763	0.0366	-1.1007	0.0367	0.6306	0.0369	-0.6784	0.0369	-1.0803	0.037	-1.0465	0.0337	-1.0925	0.0336	-0.7616	0.0336	-1.1576	0.0339	-1.1951	0.0339	-0.4582	0.0339	-1.2567	0.0343	-1.2648	0.0343	-0.1848	0.0343	-0.682	0.0356	-0.7997	0.0354	-0.6125	0.0351	-0.8467	0.0358	-0.9216	0.0357	-0.183	0.0354	-1.0255	0.0362	-1.0106	0.0361	0.2176	0.0358
ARG_39	-0.6673	0.036	-1.0021	0.0361	-1.0383	0.0361	-0.4036	0.0363	-0.9746	0.0364	-1.1087	0.0364	0.8082	0.0366	-0.6341	0.0366	-1.0676	0.0367	-1.0426	0.0335	-1.0249	0.0335	-0.2829	0.0335	-1.137	0.0337	-1.0222	0.0337	0.6193	0.0337	-1.212	0.0339	-0.9879	0.034	1.2619	0.034	-0.678	0.0354	-0.7612	0.0354	-0.2053	0.0351	-0.8363	0.0356	-0.8081	0.0356	0.9764	0.0353	-1.0032	0.0359	-0.8104	0.0359	1.8087	0.0356
ARG_40	-0.7964	0.0359	-1.0702	0.0361	-1.0789	0.0361	-0.55	0.0362	-1.0502	0.0363	-1.1498	0.0363	0.5325	0.0365	-0.7439	0.0366	-1.1144	0.0366	-1.0752	0.0335	-0.8975	0.0336	0.5499	0.0336	-1.1607	0.0336	-0.685	0.0337	2.5056	0.0337	-1.2112	0.0338	-0.4591	0.0339	3.6764	0.0338	-0.6824	0.0355	-0.6967	0.0355	0.4834	0.0353	-0.8304	0.0357	-0.5911	0.0357	2.9797	0.0354	-0.9749	0.0359	-0.4249	0.0359	4.41	0.0356
ARG_41	-1.6099	0.0454	-2.107	0.0457	-2.2289	0.0459	-1.2664	0.0452	-1.9637	0.0455	-2.2219	0.0457	-0.6361	0.0447	-1.6408	0.0451	-2.0886	0.0455	-2.3112	0.0439	-2.2007	0.0437	-1.6973	0.0437	-2.3955	0.0443	-2.2646	0.044	-1.4294	0.0439	-2.3355	0.0445	-2.2408	0.0443	-0.9561	0.0441	-1.1308	0.0465	-1.2025	0.0466	-0.929	0.0467	-1.3235	0.0466	-1.2739	0.0468	-0.4761	0.0467	-1.5191	0.0468	-1.2965	0.0468	0.3015	0.0467
ARG_42	-1.1101	0.0462	-1.9335	0.0464	-2.169	0.0466	-0.627	0.046	-1.6916	0.0462	-2.0954	0.0464	0.1673	0.0456	-1.2361	0.0459	-1.8701	0.0462	-2.334	0.0446	-2.3646	0.0444	-2.0991	0.0444	-2.3404	0.045	-2.4661	0.0446	-1.912	0.0446	-2.1646	0.0453	-2.4406	0.0448	-1.3996	0.0447	-1.1851	0.0476	-1.3058	0.0477	-1.235	0.0478	-1.388	0.0477	-1.4518	0.0479	-0.9309	0.0479	-1.6033	0.0479	-1.5394	0.0479	-0.1668	0.0479
ARG_43	0.078	0.0477	-1.0941	0.0477	-1.4846	0.0477	0.8754	0.0476	-0.579	0.0476	-1.1861	0.0477	2.0835	0.0473	0.2288	0.0475	-0.6778	0.0476	-2.1147	0.046	-2.2217	0.0454	-2.0841	0.0455	-1.9027	0.0463	-2.1565	0.0457	-1.5343	0.0456	-1.4356	0.0466	-1.8889	0.0459	-0.3574	0.0458	-1.2862	0.0493	-1.4228	0.0494	-1.3536	0.0495	-1.4965	0.0494	-1.579	0.0495	-0.7688	0.0496	-1.7219	0.0496	-1.6511	0.0496	0.669	0.0496
ARG_44	-1.3947	0.0452	-1.9494	0.0454	-2.1073	0.0455	-1.1332	0.045	-1.8267	0.0452	-2.0882	0.0454	-0.4427	0.0447	-1.5365	0.045	-1.9755	0.0452	-2.2503	0.0434	-2.284	0.0433	-2.033	0.0433	-2.2912	0.0439	-2.4067	0.0436	-1.9062	0.0435	-2.2027	0.0442	-2.4002	0.0438	-1.5133	0.0436	-1.1523	0.0462	-1.287	0.0463	-1.2627	0.0464	-1.3593	0.0464	-1.435	0.0465	-1.0124	0.0464	-1.5736	0.0466	-1.5186	0.0466	-0.3998	0.0464
ARG_45	-0.3366	0.0466	-1.2513	0.0467	-1.6501	0.0466	0.2127	0.0465	-0.8315	0.0466	-1.3737	0.0467	1.289	0.0461	-0.2121	0.0464	-0.959	0.0466	-2.1456	0.0446	-2.3156	0.0442	-2.0942	0.0444	-1.971	0.0451	-2.2972	0.0445	-1.6313	0.0445	-1.5876	0.0455	-2.0772	0.0448	-0.8153	0.0446	-1.2566	0.0478	-1.4038	0.0479	-1.3157	0.048	-1.473	0.0479	-1.5589	0.048	-0.7565	0.048	-1.6994	0.0481	-1.6413	0.0481	0.222	0.048
ARG_46	4.0547	0.0494	2.8255	0.0491	1.9249	0.0484	5.6089	0.0494	4.2982	0.0493	3.1239	0.0489	7.667	0.0489	6.0035	0.0493	4.5865	0.0491	-0.6113	0.0465	-0.7805	0.0454	-0.875	0.0456	0.3229	0.0473	-0.0144	0.0458	0.9223	0.0457	1.7055	0.0481	1.1505	0.0465	3.404	0.0458	-1.4258	0.0499	-1.5591	0.0501	-1.1828	0.0503	-1.6481	0.0501	-1.6554	0.0502	0.3722	0.0503	-1.8738	0.0502	-1.6261	0.0503	2.6346	0.0502
ARG_47	-1.4237	0.0441	-1.8218	0.0444	-1.9514	0.0446	-1.136	0.0439	-1.6922	0.0442	-1.9177	0.0444	-0.1149	0.0437	-1.3312	0.044	-1.7816	0.0442	-2.1206	0.0427	-2.1768	0.0427	-1.9039	0.0428	-2.1946	0.043	-2.3193	0.0429	-1.7456	0.0429	-2.165	0.0432	-2.3459	0.0429	-1.4939	0.0429	-1.1156	0.0454	-1.2727	0.0455	-1.2315	0.0456	-1.324	0.0456	-1.437	0.0457	-0.9316	0.0456	-1.5428	0.0458	-1.5549	0.0458	-0.536	0.0456
ARG_48	0.5815	0.0455	-0.1749	0.0458	-0.8152	0.0459	1.3572	0.0452	0.5978	0.0455	-0.1528	0.0457	2.7446	0.0448	1.4913	0.0452	0.6363	0.0455	-1.8059	0.0443	-2.0345	0.044	-1.6612	0.0442	-1.4872	0.0447	-1.8634	0.0442	-0.8559	0.0442	-0.8487	0.0448	-1.3873	0.0443	0.0096	0.0441	-1.2636	0.0473	-1.4053	0.0475	-1.084	0.0476	-1.4811	0.0475	-1.5255	0.0476	-0.137	0.0476	-1.7045	0.0477	-1.585	0.0476	0.7007	0.0475
ARG_49	16.2626	0.0482	14.0473	0.0483	10.1796	0.0478	20.0678	0.0476	19.2168	0.0479	15.052	0.0478	22.5851	0.0467	23.558	0.0474	20.3393	0.0476	3.3452	0.0465	2.4075	0.0453	1.4143	0.0457	6.085	0.0474	4.3279	0.0459	4.413	0.0456	10.5493	0.0478	7.6342	0.0463	7.6259	0.0454	-1.4826	0.0499	-1.583	0.0501	-0.69	0.0503	-1.6977	0.05	-1.5699	0.0502	1.638	0.0503	-1.905	0.0502	-1.4587	0.0502	3.2945	0.0501
ARG_50	-0.4102	0.0297	-0.3699	0.0299	-0.3382	0.0299	-0.4601	0.0299	-0.4177	0.0299	-0.3838	0.03	-0.5132	0.03	-0.4707	0.0301	-0.4355	0.0301	-0.3761	0.0282	-0.3869	0.0282	-0.4096	0.0281	-0.4544	0.0282	-0.4701	0.0282	-0.4966	0.0281	-0.5459	0.0282	-0.5649	0.0282	-0.5913	0.0282	-0.235	0.0296	-0.2856	0.0295	-0.345	0.0292	-0.2948	0.0297	-0.3637	0.0296	-0.438	0.0293	-0.3708	0.0298	-0.457	0.0297	-0.5403	0.0293
ARG_51	-0.4232	0.0301	-0.3818	0.0302	-0.3491	0.0303	-0.4743	0.0302	-0.4309	0.0303	-0.396	0.0304	-0.5286	0.0304	-0.4851	0.0304	-0.449	0.0305	-0.3875	0.0285	-0.3982	0.0285	-0.4213	0.0285	-0.4675	0.0285	-0.4831	0.0285	-0.51	0.0285	-0.5607	0.0286	-0.5796	0.0286	-0.6064	0.0285	-0.2414	0.03	-0.2932	0.0299	-0.3542	0.0297	-0.3023	0.0301	-0.3726	0.03	-0.4489	0.0297	-0.3796	0.0302	-0.4673	0.0301	-0.5527	0.0298
ARG_52	-0.439	0.0305	-0.3962	0.0307	-0.3623	0.0307	-0.4915	0.0307	-0.4468	0.0308	-0.4107	0.0308	-0.5473	0.0308	-0.5027	0.0309	-0.4655	0.031	-0.4015	0.0289	-0.4122	0.0289	-0.436	0.0289	-0.4837	0.0289	-0.4993	0.0289	-0.5269	0.0289	-0.579	0.029	-0.5979	0.029	-0.6253	0.029	-0.2492	0.0304	-0.3027	0.0304	-0.3659	0.0301	-0.3117	0.0305	-0.3839	0.0304	-0.4627	0.0302	-0.3906	0.0307	-0.4803	0.0306	-0.5682	0.0302
ARG_53	-0.3931	0.0297	-0.3541	0.0298	-0.3237	0.0299	-0.441	0.0298	-0.4	0.0299	-0.3673	0.03	-0.492	0.0299	-0.4508	0.03	-0.4168	0.0301	-0.3589	0.0282	-0.3689	0.0282	-0.3903	0.0281	-0.4337	0.0282	-0.4483	0.0282	-0.473	0.0281	-0.5214	0.0282	-0.5391	0.0282	-0.5636	0.0282	-0.2242	0.0296	-0.2723	0.0295	-0.3285	0.0293	-0.2811	0.0297	-0.3467	0.0296	-0.4169	0.0293	-0.3538	0.0298	-0.4359	0.0297	-0.5148	0.0293
ARG_54	-0.404	0.0301	-0.3642	0.0302	-0.3329	0.0303	-0.4529	0.0302	-0.411	0.0303	-0.3776	0.0304	-0.5049	0.0303	-0.4629	0.0304	-0.4282	0.0305	-0.3686	0.0285	-0.3787	0.0285	-0.4004	0.0285	-0.4449	0.0285	-0.4595	0.0285	-0.4845	0.0285	-0.5341	0.0286	-0.5517	0.0286	-0.5765	0.0285	-0.2297	0.03	-0.2788	0.0299	-0.3365	0.0297	-0.2877	0.0301	-0.3545	0.03	-0.4263	0.0297	-0.3614	0.0302	-0.4449	0.0301	-0.5254	0.0297
ARG_55	-0.417	0.0305	-0.3761	0.0306	-0.3439	0.0307	-0.4671	0.0306	-0.4242	0.0307	-0.3898	0.0308	-0.5203	0.0307	-0.4773	0.0308	-0.4418	0.0309	-0.3804	0.0289	-0.3904	0.0289	-0.4126	0.0289	-0.4584	0.0289	-0.473	0.0289	-0.4986	0.0289	-0.5493	0.029	-0.567	0.0289	-0.5923	0.0289	-0.2364	0.0304	-0.2869	0.0303	-0.3463	0.0301	-0.2957	0.0305	-0.364	0.0304	-0.4378	0.0301	-0.3708	0.0306	-0.4559	0.0305	-0.5385	0.0302
ARG_56	-0.3791	0.0297	-0.3413	0.0299	-0.3119	0.0299	-0.4254	0.0299	-0.3855	0.03	-0.3539	0.03	-0.475	0.03	-0.4346	0.0301	-0.4016	0.0301	-0.3451	0.0282	-0.3547	0.0282	-0.3752	0.0282	-0.4172	0.0283	-0.4311	0.0283	-0.4549	0.0282	-0.5018	0.0283	-0.5188	0.0283	-0.543	0.0282	-0.2157	0.0296	-0.2617	0.0296	-0.3156	0.0294	-0.2703	0.0298	-0.3333	0.0297	-0.4008	0.0294	-0.3403	0.0299	-0.4195	0.0297	-0.4961	0.0294
ARG_57	-0.3883	0.0301	-0.3498	0.0302	-0.3197	0.0303	-0.4355	0.0302	-0.3949	0.0303	-0.3626	0.0304	-0.4859	0.0303	-0.4448	0.0304	-0.4112	0.0305	-0.3534	0.0286	-0.363	0.0286	-0.3838	0.0285	-0.4267	0.0286	-0.4407	0.0286	-0.4648	0.0285	-0.5126	0.0286	-0.5295	0.0286	-0.5541	0.0286	-0.2204	0.03	-0.2674	0.0299	-0.3224	0.0297	-0.276	0.0301	-0.34	0.03	-0.4089	0.0298	-0.3469	0.0303	-0.4272	0.0301	-0.5052	0.0298
ARG_58	-0.3991	0.0304	-0.3597	0.0306	-0.3289	0.0307	-0.4472	0.0306	-0.4058	0.0307	-0.3728	0.0308	-0.4985	0.0307	-0.4568	0.0308	-0.4225	0.0309	-0.3633	0.0289	-0.3729	0.0289	-0.3941	0.0289	-0.438	0.0289	-0.452	0.0289	-0.4765	0.0289	-0.5253	0.029	-0.5423	0.029	-0.5672	0.0289	-0.2261	0.0304	-0.2741	0.0304	-0.3306	0.0301	-0.2827	0.0305	-0.348	0.0304	-0.4185	0.0302	-0.3549	0.0307	-0.4364	0.0305	-0.5161	0.0302
ARG_59	-0.7428	0.0354	-1.1366	0.0355	-1.1818	0.0356	-0.5965	0.0356	-1.1617	0.0357	-1.2873	0.0357	-0.1395	0.0358	-1.0451	0.0359	-1.3345	0.0359	-1.1711	0.0333	-1.0635	0.0333	-0.5869	0.0333	-1.2581	0.0333	-1.0897	0.0333	-0.2542	0.0332	-1.2784	0.0334	-1.0797	0.0334	0.2561	0.0333	-0.7057	0.0352	-0.7515	0.0352	-0.4191	0.035	-0.8591	0.0353	-0.7866	0.0353	0.062	0.035	-1.0174	0.0355	-0.7777	0.0354	0.8667	0.0351
ARG_60	-0.1396	0.035	-1.003	0.0352	-1.1556	0.0352	0.1097	0.0351	-0.9796	0.0352	-1.2437	0.0353	0.7077	0.0353	-0.7854	0.0354	-1.2575	0.0355	-1.1133	0.0332	-1.1646	0.0332	-0.8947	0.0332	-1.1351	0.0331	-1.2659	0.0331	-0.6048	0.0331	-1.0517	0.0331	-1.29	0.0331	0.033	0.0331	-0.6909	0.0351	-0.7964	0.0351	-0.6811	0.035	-0.8507	0.0352	-0.9104	0.0352	-0.2787	0.035	-1.0266	0.0353	-0.9649	0.0353	0.6668	0.035
ARG_61	0.2757	0.035	-0.9506	0.0352	-1.1651	0.0354	0.5881	0.035	-0.885	0.0352	-1.2321	0.0354	1.4207	0.0352	-0.5831	0.0353	-1.1956	0.0355	-1.0694	0.0334	-1.1622	0.0335	-0.6395	0.0336	-1.0157	0.0333	-1.1643	0.0334	0.5235	0.0334	-0.831	0.0332	-0.9818	0.0332	2.7826	0.0333	-0.6935	0.0354	-0.7958	0.0355	-0.4855	0.0355	-0.8516	0.0355	-0.8579	0.0355	0.9297	0.0355	-1.0221	0.0356	-0.7755	0.0356	3.9999	0.0355
ARG_62	-0.5444	0.0344	-0.9996	0.0345	-1.0731	0.0346	-0.3977	0.0346	-1.0094	0.0347	-1.1642	0.0347	0.283	0.0348	-0.8223	0.0349	-1.1821	0.0349	-1.0623	0.0324	-1.0977	0.0324	-0.8732	0.0323	-1.1332	0.0324	-1.2005	0.0323	-0.6946	0.0322	-1.1619	0.0324	-1.2436	0.0324	-0.3174	0.0323	-0.6762	0.0342	-0.7783	0.0342	-0.6889	0.034	-0.8356	0.0343	-0.8902	0.0342	-0.421	0.0339	-1.0065	0.0345	-0.9479	0.0343	0.1641	0.034
ARG_63	-0.1853	0.0344	-0.9437	0.0345	-1.0816	0.0346	0.0653	0.0345	-0.9	0.0346	-1.1494	0.0347	1.1166	0.0347	-0.5722	0.0348	-1.1086	0.0349	-1.0204	0.0326	-1.1041	0.0326	-0.6348	0.0326	-1.0288	0.0325	-1.1473	0.0325	0.1048	0.0325	-0.9838	0.0324	-1.1036	0.0324	1.0993	0.0324	-0.6778	0.0345	-0.7818	0.0345	-0.49	0.0344	-0.8374	0.0345	-0.8662	0.0345	0.4567	0.0343	-1.0095	0.0347	-0.8757	0.0346	1.8005	0.0343
ARG_64	-0.3251	0.0347	-1.0337	0.035	-1.1412	0.0351	-0.0155	0.0348	-0.9668	0.035	-1.1944	0.0352	1.2322	0.035	-0.5652	0.0352	-1.1142	0.0354	-1.0595	0.0331	-0.9913	0.0332	0.431	0.0333	-1.0555	0.033	-0.7308	0.0331	3.2705	0.0331	-0.9836	0.0328	-0.2804	0.0329	6.4094	0.033	-0.6937	0.0352	-0.7307	0.0353	0.361	0.0352	-0.8438	0.0352	-0.6161	0.0353	3.8294	0.0352	-0.9897	0.0353	-0.3126	0.0353	7.7737	0.0351
ARG_65	-0.6631	0.0334	-0.9328	0.0336	-0.9618	0.0336	-0.4567	0.0337	-0.9257	0.0337	-1.0384	0.0338	0.5691	0.0339	-0.6471	0.0339	-1.0215	0.034	-0.9788	0.0315	-1.0246	0.0315	-0.7639	0.0314	-1.0892	0.0314	-1.1356	0.0314	-0.5588	0.0313	-1.1909	0.0315	-1.2168	0.0314	-0.3517	0.0314	-0.6281	0.0333	-0.7405	0.0332	-0.6104	0.033	-0.7832	0.0334	-0.8634	0.0333	-0.305	0.0329	-0.9539	0.0335	-0.9574	0.0333	0.0177	0.033
ARG_66	-0.6482	0.0337	-0.9715	0.0339	-1.0035	0.034	-0.3812	0.0339	-0.9406	0.034	-1.0693	0.0341	0.8208	0.0342	-0.5996	0.0342	-1.0238	0.0343	-0.9971	0.0319	-0.952	0.032	-0.0945	0.032	-1.0854	0.0318	-0.9131	0.0318	0.9704	0.0318	-1.1535	0.0318	-0.8472	0.0318	1.6939	0.0318	-0.6411	0.0338	-0.7066	0.0339	-0.0426	0.0337	-0.7907	0.0339	-0.7244	0.0339	1.3437	0.0336	-0.9479	0.034	-0.6969	0.0339	2.2677	0.0336
ARG_67	-0.9195	0.0344	-1.1143	0.0347	-1.0941	0.0348	-0.711	0.0346	-1.108	0.0348	-1.1672	0.035	0.1838	0.0349	-0.8545	0.035	-1.1447	0.0351	-1.079	0.0328	-0.7324	0.0329	1.3033	0.0329	-1.1511	0.0326	-0.308	0.0327	4.0818	0.0327	-1.1754	0.0325	0.0808	0.0325	5.5095	0.0325	-0.6644	0.0349	-0.6016	0.0349	1.1036	0.0349	-0.7971	0.0349	-0.3348	0.0349	4.6267	0.0347	-0.9146	0.035	-0.0145	0.0349	6.3349	0.0346
ARG_68	-1.3908	0.0428	-1.8597	0.0428	-1.9949	0.0428	-1.2008	0.0427	-1.8017	0.0428	-2.0025	0.0428	-0.7679	0.0424	-1.647	0.0426	-1.9714	0.0427	-2.3204	0.0407	-2.283	0.0409	-1.8137	0.041	-2.2986	0.041	-2.2488	0.0409	-1.4581	0.041	-2.137	0.0413	-2.0915	0.0411	-0.8512	0.041	-1.3568	0.0434	-1.4772	0.0435	-1.227	0.0433	-1.5841	0.0436	-1.5533	0.0436	-0.7349	0.0433	-1.8036	0.0438	-1.5684	0.0437	0.085	0.0434
ARG_69	-1.0132	0.0417	-1.8358	0.0418	-2.0347	0.0419	-0.6726	0.0417	-1.715	0.0418	-2.0424	0.0419	-0.0192	0.0414	-1.4201	0.0416	-1.9508	0.0418	-2.1976	0.04	-2.2552	0.0402	-1.9883	0.0404	-2.1985	0.0402	-2.3594	0.0402	-1.7897	0.0403	-2.0332	0.0405	-2.3271	0.0403	-1.2412	0.0403	-1.216	0.043	-1.3745	0.043	-1.344	0.043	-1.4351	0.0431	-1.5283	0.0432	-1.026	0.043	-1.6613	0.0433	-1.6123	0.0433	-0.2268	0.0431
ARG_70	-0.5327	0.0411	-1.7578	0.0413	-2.0372	0.0415	-0.0488	0.041	-1.5561	0.0411	-2.0152	0.0414	0.8958	0.0408	-1.0854	0.0409	-1.8347	0.0412	-2.0996	0.0397	-2.2093	0.04	-1.8547	0.0403	-2.0532	0.0398	-2.3003	0.0399	-1.2828	0.0402	-1.8096	0.0399	-2.2118	0.0399	-0.018	0.0401	-1.1471	0.0431	-1.3037	0.0432	-1.2126	0.0432	-1.3578	0.0432	-1.4457	0.0433	-0.4507	0.0432	-1.5794	0.0433	-1.485	0.0434	1.3163	0.0432
ARG_71	-1.4453	0.0412	-1.905	0.0414	-1.9775	0.0415	-1.2861	0.0412	-1.9092	0.0413	-2.0801	0.0414	-0.6691	0.0409	-1.7236	0.0411	-2.0911	0.0413	-2.0454	0.0394	-2.0513	0.0395	-1.8103	0.0395	-2.1542	0.0397	-2.1978	0.0396	-1.6873	0.0396	-2.1629	0.0399	-2.239	0.0398	-1.309	0.0397	-1.1817	0.0417	-1.3486	0.0417	-1.3431	0.0415	-1.4024	0.0418	-1.4968	0.0418	-1.1006	0.0416	-1.623	0.042	-1.5697	0.0419	-0.4773	0.0417
ARG_72	-0.9942	0.0407	-1.7758	0.0409	-1.9294	0.0411	-0.7034	0.0406	-1.6978	0.0408	-1.9881	0.041	0.2471	0.0404	-1.3496	0.0406	-1.9132	0.0408	-1.9385	0.0391	-2.0105	0.0393	-1.6729	0.0394	-1.9878	0.0393	-2.1459	0.0394	-1.2866	0.0394	-1.9223	0.0395	-2.1639	0.0395	-0.6156	0.0395	-1.1105	0.0417	-1.2784	0.0417	-1.1961	0.0416	-1.3239	0.0418	-1.4271	0.0419	-0.6315	0.0417	-1.5446	0.042	-1.4987	0.042	0.3519	0.0418
ARG_73	-0.7859	0.0403	-1.7357	0.0407	-1.9375	0.0409	-0.3344	0.0402	-1.5511	0.0405	-1.9316	0.0408	0.9802	0.04	-1.0014	0.0403	-1.732	0.0406	-1.9249	0.0391	-1.9663	0.0394	-1.1638	0.0397	-1.93	0.0392	-1.959	0.0394	0.2834	0.0397	-1.7967	0.0393	-1.7618	0.0394	2.2428	0.0395	-1.0897	0.0422	-1.2231	0.0423	-0.7491	0.0423	-1.2948	0.0423	-1.282	0.0424	1.0904	0.0423	-1.5022	0.0424	-1.2024	0.0424	3.6832	0.0423
ARG_74	-1.2845	0.0399	-1.5986	0.0401	-1.6252	0.0402	-1.1108	0.0398	-1.6187	0.04	-1.7397	0.0401	-0.186	0.0397	-1.3763	0.0398	-1.7519	0.04	-1.6647	0.038	-1.7088	0.038	-1.4914	0.038	-1.8101	0.0383	-1.8734	0.0383	-1.3612	0.0382	-1.911	0.0386	-1.9734	0.0385	-1.1392	0.0384	-1.0073	0.0399	-1.1792	0.0399	-1.1652	0.0397	-1.2125	0.0401	-1.3426	0.0401	-0.9267	0.0398	-1.4245	0.0403	-1.4529	0.0402	-0.5439	0.0399
ARG_75	-1.1477	0.0399	-1.5956	0.0401	-1.653	0.0403	-0.8675	0.0398	-1.5601	0.04	-1.7377	0.0402	0.3722	0.0397	-1.1931	0.0398	-1.6877	0.04	-1.6519	0.0382	-1.6699	0.0382	-1.0994	0.0382	-1.7652	0.0384	-1.754	0.0384	-0.4187	0.0384	-1.8253	0.0386	-1.7674	0.0386	0.2075	0.0385	-0.9849	0.0403	-1.1292	0.0403	-0.8049	0.0402	-1.1832	0.0404	-1.2362	0.0404	0.1265	0.0403	-1.3875	0.0406	-1.2813	0.0405	0.9943	0.0403
ARG_76	-1.2476	0.0401	-1.6829	0.0404	-1.7373	0.0407	-0.891	0.04	-1.5926	0.0403	-1.7834	0.0405	0.3901	0.0398	-1.1591	0.0401	-1.6697	0.0404	-1.7373	0.0386	-1.5932	0.0388	-0.2033	0.0389	-1.8364	0.0388	-1.4441	0.0389	1.834	0.0389	-1.8498	0.039	-1.2088	0.039	3.3403	0.039	-0.9967	0.0411	-1.0693	0.0411	-0.0365	0.0411	-1.1853	0.0412	-1.0115	0.0412	2.5771	0.0411	-1.3674	0.0413	-0.8542	0.0413	4.4667	0.041
ARG_77	-0.6011	0.0347	-1.0635	0.0349	-1.1319	0.0349	-0.4601	0.0349	-1.0828	0.035	-1.2322	0.0351	0.0368	0.0351	-0.9502	0.0352	-1.2715	0.0352	-1.1209	0.0326	-1.0857	0.0326	-0.765	0.0326	-1.1949	0.0326	-1.1565	0.0326	-0.5387	0.0326	-1.2053	0.0327	-1.1706	0.0327	-0.0716	0.0326	-0.6913	0.0344	-0.7656	0.0344	-0.5824	0.0342	-0.8481	0.0345	-0.8431	0.0345	-0.247	0.0343	-1.0131	0.0347	-0.8658	0.0347	0.4859	0.0344
ARG_78	-0.217	0.0346	-0.9813	0.0348	-1.1196	0.0348	-0.009	0.0348	-0.9653	0.0349	-1.206	0.0349	0.6364	0.0349	-0.7628	0.035	-1.2156	0.0351	-1.0814	0.0326	-1.1379	0.0327	-0.8713	0.0326	-1.1072	0.0326	-1.2355	0.0326	-0.5877	0.0326	-1.0493	0.0326	-1.2598	0.0326	-0.009	0.0326	-0.6856	0.0344	-0.7905	0.0345	-0.6729	0.0344	-0.8462	0.0346	-0.903	0.0346	-0.2784	0.0344	-1.0213	0.0347	-0.9561	0.0347	0.5786	0.0344
ARG_79	0.0861	0.0346	-0.9356	0.0348	-1.1227	0.0349	0.3508	0.0348	-0.8866	0.0349	-1.1942	0.035	1.1835	0.0349	-0.603	0.035	-1.168	0.0352	-1.0487	0.0328	-1.1451	0.0329	-0.7472	0.0329	-1.0238	0.0327	-1.2001	0.0328	-0.0497	0.0328	-0.8999	0.0327	-1.1419	0.0327	1.1817	0.0327	-0.6865	0.0346	-0.7946	0.0347	-0.5753	0.0347	-0.8469	0.0347	-0.888	0.0348	0.3062	0.0347	-1.0218	0.0349	-0.8921	0.0349	2.0028	0.0347
ARG_80	-0.5267	0.0341	-0.9751	0.0342	-1.048	0.0342	-0.3676	0.0343	-0.9792	0.0343	-1.1352	0.0344	0.3962	0.0345	-0.7676	0.0345	-1.1437	0.0346	-1.0372	0.032	-1.0874	0.032	-0.8661	0.032	-1.109	0.032	-1.1947	0.032	-0.6783	0.0319	-1.146	0.032	-1.2457	0.032	-0.3213	0.032	-0.6662	0.0338	-0.7736	0.0338	-0.6871	0.0336	-0.8257	0.0339	-0.8916	0.0339	-0.4087	0.0336	-0.9982	0.0341	-0.9591	0.034	0.1398	0.0336
ARG_81	-0.2973	0.0341	-0.9375	0.0343	-1.053	0.0343	-0.0659	0.0343	-0.9056	0.0344	-1.1246	0.0345	0.9611	0.0345	-0.5971	0.0346	-1.0936	0.0347	-1.0091	0.0322	-1.0906	0.0322	-0.7124	0.0322	-1.0407	0.0321	-1.162	0.0321	-0.1977	0.0321	-1.0317	0.0321	-1.166	0.0321	0.4818	0.0321	-0.6678	0.034	-0.7759	0.034	-0.5573	0.0339	-0.8276	0.0341	-0.8774	0.0341	0.1204	0.0339	-1.0011	0.0343	-0.9201	0.0342	1.0602	0.0339
ARG_82	-0.2571	0.0343	-0.9593	0.0345	-1.0786	0.0346	0.0272	0.0345	-0.9039	0.0346	-1.1387	0.0347	1.2416	0.0347	-0.5276	0.0348	-1.077	0.0349	-1.0128	0.0325	-1.0502	0.0326	-0.2586	0.0326	-1.0245	0.0324	-1.0028	0.0325	1.104	0.0325	-0.9889	0.0324	-0.8498	0.0324	2.6457	0.0324	-0.6754	0.0344	-0.7579	0.0345	-0.1872	0.0344	-0.8317	0.0345	-0.7825	0.0345	1.5186	0.0344	-0.9957	0.0346	-0.7069	0.0346	3.514	0.0343
ARG_83	-0.6436	0.0334	-0.931	0.0336	-0.9645	0.0336	-0.4342	0.0336	-0.9221	0.0337	-1.0406	0.0338	0.6033	0.0339	-0.639	0.0339	-1.0222	0.034	-0.9777	0.0315	-1.0258	0.0315	-0.7563	0.0314	-1.0843	0.0314	-1.1346	0.0314	-0.5341	0.0313	-1.1815	0.0314	-1.2121	0.0314	-0.307	0.0314	-0.6295	0.0332	-0.7414	0.0332	-0.6039	0.033	-0.785	0.0333	-0.8632	0.0332	-0.2774	0.0329	-0.9563	0.0335	-0.9548	0.0333	0.0708	0.033
ARG_84	-0.599	0.0336	-0.9441	0.0338	-0.9864	0.0339	-0.3381	0.0338	-0.9145	0.0339	-1.0536	0.034	0.8687	0.0341	-0.5739	0.0342	-1.011	0.0342	-0.9815	0.0318	-0.9913	0.0318	-0.3988	0.0318	-1.0711	0.0317	-1.0223	0.0317	0.2926	0.0317	-1.1457	0.0317	-1.0217	0.0317	0.8203	0.0316	-0.6367	0.0336	-0.7256	0.0336	-0.2988	0.0334	-0.7896	0.0337	-0.794	0.0336	0.6176	0.0334	-0.9545	0.0338	-0.8235	0.0337	1.3182	0.0334
ARG_85	-0.693	0.034	-1.005	0.0343	-1.0279	0.0344	-0.4302	0.0343	-0.9759	0.0344	-1.0937	0.0345	0.7276	0.0345	-0.6452	0.0346	-1.0492	0.0347	-1.0159	0.0322	-0.9002	0.0323	0.3027	0.0323	-1.0975	0.0321	-0.7601	0.0322	1.9129	0.0322	-1.1509	0.0321	-0.5957	0.0321	2.9511	0.0321	-0.6487	0.0341	-0.6833	0.0342	0.2835	0.0341	-0.795	0.0342	-0.6295	0.0342	2.347	0.034	-0.943	0.0343	-0.5182	0.0343	3.6329	0.0339
ARG_86	-0.7787	0.0353	-1.1292	0.0356	-1.1631	0.0357	-0.6566	0.0355	-1.1612	0.0357	-1.2691	0.0359	-0.2141	0.0357	-1.0532	0.0359	-1.3188	0.036	-1.1424	0.0335	-1.0243	0.0336	-0.5563	0.0336	-1.2281	0.0334	-1.0404	0.0335	-0.2236	0.0334	-1.2549	0.0333	-1.0199	0.0333	0.3061	0.0333	-0.6838	0.0356	-0.7191	0.0357	-0.391	0.0356	-0.8313	0.0356	-0.7416	0.0357	0.0885	0.0354	-0.9822	0.0358	-0.7178	0.0357	0.9235	0.0354
ARG_87	-0.3773	0.036	-1.0558	0.0363	-1.1681	0.0365	-0.1853	0.0361	-1.0547	0.0364	-1.2641	0.0366	0.3751	0.0363	-0.8885	0.0365	-1.2913	0.0368	-1.128	0.0343	-1.1476	0.0344	-0.8696	0.0344	-1.1753	0.0341	-1.2462	0.0342	-0.6378	0.0343	-1.1401	0.034	-1.28	0.0341	-0.1355	0.0341	-0.6885	0.0364	-0.7823	0.0365	-0.6533	0.0364	-0.8461	0.0365	-0.8866	0.0365	-0.3139	0.0363	-1.0177	0.0366	-0.9364	0.0365	0.457	0.0363
ARG_88	0.0091	0.0371	-1.0171	0.0375	-1.1957	0.0377	0.267	0.0372	-0.9808	0.0375	-1.2786	0.0378	1.0082	0.0372	-0.7325	0.0376	-1.2719	0.0379	-1.1144	0.0354	-1.2003	0.0356	-0.8501	0.0357	-1.1027	0.0352	-1.2791	0.0354	-0.2881	0.0355	-0.9849	0.0351	-1.254	0.0353	0.7881	0.0354	-0.7026	0.0375	-0.8117	0.0376	-0.6397	0.0377	-0.8637	0.0376	-0.916	0.0377	0.0842	0.0376	-1.0414	0.0377	-0.9398	0.0378	1.597	0.0376
ARG_89	-0.6785	0.0353	-1.0537	0.0356	-1.1018	0.0358	-0.559	0.0355	-1.0793	0.0357	-1.201	0.0359	0.0428	0.0357	-0.9256	0.0359	-1.2343	0.0361	-1.0878	0.0336	-1.0922	0.0337	-0.8616	0.0337	-1.1741	0.0334	-1.1904	0.0335	-0.704	0.0335	-1.2224	0.0333	-1.2313	0.0334	-0.3375	0.0334	-0.6725	0.0357	-0.7636	0.0357	-0.6679	0.0356	-0.8283	0.0357	-0.8643	0.0357	-0.4221	0.0355	-0.9942	0.0359	-0.91	0.0358	0.1616	0.0355
ARG_90	-0.3801	0.0362	-1.0205	0.0366	-1.1289	0.0369	-0.1825	0.0364	-1.0069	0.0367	-1.2136	0.0369	0.6974	0.0365	-0.7487	0.0368	-1.2066	0.0371	-1.0765	0.0346	-1.1499	0.0347	-0.8434	0.0348	-1.1168	0.0344	-1.2458	0.0346	-0.4764	0.0346	-1.1104	0.0343	-1.2767	0.0344	0.0908	0.0345	-0.6859	0.0368	-0.7955	0.0369	-0.6468	0.0368	-0.8467	0.0368	-0.9082	0.0369	-0.146	0.0367	-1.0225	0.037	-0.9652	0.0369	0.6716	0.0367
ARG_91	-0.2965	0.0376	-1.0703	0.0381	-1.1941	0.0384	-0.0367	0.0376	-1.0294	0.0381	-1.2682	0.0385	1.0929	0.0377	-0.6832	0.0382	-1.226	0.0386	-1.1048	0.036	-1.1583	0.0362	-0.4719	0.0364	-1.1169	0.0358	-1.1509	0.0361	0.716	0.0362	-1.0756	0.0356	-1.0344	0.0359	2.2116	0.036	-0.7104	0.0383	-0.8028	0.0384	-0.3381	0.0384	-0.8713	0.0384	-0.8513	0.0384	1.1556	0.0384	-1.0429	0.0385	-0.8011	0.0385	3.1282	0.0383
ARG_92	-0.738	0.0353	-1.01	0.0356	-1.034	0.0358	-0.5736	0.0355	-1.0216	0.0357	-1.1229	0.0359	0.3097	0.0357	-0.7913	0.0359	-1.1288	0.0361	-1.0382	0.0336	-1.0804	0.0337	-0.8797	0.0337	-1.1515	0.0335	-1.206	0.0336	-0.7522	0.0335	-1.2536	0.0334	-1.2944	0.0334	-0.5523	0.0335	-0.6482	0.0358	-0.7616	0.0358	-0.6942	0.0357	-0.805	0.0358	-0.8903	0.0358	-0.4846	0.0356	-0.9772	0.036	-0.9838	0.0359	-0.1524	0.0356
ARG_93	-0.6549	0.0364	-1.0436	0.0369	-1.0893	0.0372	-0.4148	0.0365	-1.0258	0.0369	-1.1683	0.0372	0.7572	0.0367	-0.7015	0.037	-1.1399	0.0373	-1.0623	0.0349	-1.0958	0.0351	-0.6208	0.0351	-1.1531	0.0347	-1.165	0.0349	-0.0792	0.0349	-1.2294	0.0345	-1.1961	0.0347	0.4066	0.0348	-0.6697	0.0372	-0.7713	0.0372	-0.4644	0.0372	-0.8278	0.0372	-0.8642	0.0373	0.2665	0.0371	-1.0	0.0374	-0.9167	0.0373	0.9369	0.037
ARG_94	-0.8011	0.038	-1.1717	0.0386	-1.1942	0.0391	-0.5435	0.038	-1.1528	0.0386	-1.275	0.0391	0.6617	0.0381	-0.8174	0.0386	-1.2411	0.0392	-1.1483	0.0366	-1.0604	0.0369	0.0644	0.0371	-1.2368	0.0363	-0.9591	0.0367	1.6431	0.0369	-1.2988	0.0361	-0.8143	0.0365	2.8038	0.0366	-0.7045	0.039	-0.7558	0.0391	0.1145	0.0392	-0.8592	0.0391	-0.728	0.0392	2.1361	0.0391	-1.0187	0.0392	-0.6316	0.0392	3.5966	0.039
ARG_95	-0.3825	0.0282	-0.3448	0.0283	-0.3155	0.0283	-0.4294	0.0284	-0.3898	0.0284	-0.3584	0.0284	-0.4795	0.0284	-0.4397	0.0285	-0.4071	0.0285	-0.3532	0.0267	-0.3642	0.0267	-0.3861	0.0266	-0.4276	0.0268	-0.4434	0.0267	-0.4688	0.0267	-0.5147	0.0269	-0.5338	0.0268	-0.559	0.0268	-0.2228	0.0279	-0.2711	0.0278	-0.3272	0.0275	-0.2801	0.028	-0.3461	0.0279	-0.4162	0.0276	-0.3532	0.0282	-0.4358	0.028	-0.5142	0.0277
ARG_96	-0.3956	0.0286	-0.3569	0.0287	-0.3266	0.0287	-0.4437	0.0288	-0.4031	0.0288	-0.3708	0.0288	-0.495	0.0289	-0.4543	0.0289	-0.4209	0.0289	-0.3652	0.0271	-0.3762	0.0271	-0.3986	0.027	-0.4414	0.0271	-0.4572	0.0271	-0.4831	0.0271	-0.5303	0.0273	-0.5493	0.0272	-0.575	0.0272	-0.2299	0.0283	-0.2796	0.0282	-0.3374	0.0279	-0.2886	0.0284	-0.3561	0.0283	-0.4281	0.028	-0.3631	0.0286	-0.4473	0.0284	-0.5277	0.0281
ARG_97	-0.4126	0.0291	-0.3725	0.0292	-0.3411	0.0292	-0.4624	0.0293	-0.4205	0.0293	-0.3871	0.0293	-0.5152	0.0294	-0.4735	0.0294	-0.439	0.0294	-0.3813	0.0275	-0.3926	0.0275	-0.4158	0.0274	-0.46	0.0276	-0.476	0.0276	-0.5029	0.0275	-0.5513	0.0277	-0.5705	0.0277	-0.597	0.0276	-0.2397	0.0288	-0.2914	0.0287	-0.3517	0.0284	-0.3003	0.0289	-0.3701	0.0288	-0.4451	0.0285	-0.3769	0.0291	-0.4635	0.0289	-0.5469	0.0286
ARG_98	-0.3668	0.0279	-0.3302	0.0279	-0.3019	0.028	-0.412	0.028	-0.3735	0.028	-0.3431	0.0281	-0.4602	0.0281	-0.4215	0.0281	-0.3899	0.0282	-0.3371	0.0264	-0.3474	0.0264	-0.3682	0.0263	-0.4085	0.0264	-0.4233	0.0264	-0.4472	0.0264	-0.4923	0.0265	-0.5102	0.0265	-0.534	0.0264	-0.2124	0.0276	-0.2584	0.0275	-0.3118	0.0272	-0.2671	0.0277	-0.3301	0.0276	-0.3968	0.0273	-0.3372	0.0278	-0.4163	0.0277	-0.4911	0.0273
ARG_99	-0.3774	0.0282	-0.34	0.0283	-0.311	0.0283	-0.4236	0.0284	-0.3843	0.0284	-0.3532	0.0284	-0.4728	0.0285	-0.4333	0.0285	-0.4011	0.0285	-0.347	0.0267	-0.3574	0.0267	-0.3786	0.0267	-0.4198	0.0268	-0.4347	0.0268	-0.4591	0.0267	-0.5051	0.0269	-0.523	0.0269	-0.5472	0.0268	-0.2183	0.0279	-0.2655	0.0278	-0.3203	0.0276	-0.2742	0.0281	-0.3385	0.0279	-0.4068	0.0276	-0.3455	0.0282	-0.426	0.028	-0.5024	0.0277
ARG_100	-0.3904	0.0287	-0.3521	0.0287	-0.3223	0.0288	-0.4379	0.0288	-0.3977	0.0288	-0.3658	0.0289	-0.4883	0.0289	-0.4481	0.0289	-0.4151	0.029	-0.3597	0.0271	-0.3703	0.0271	-0.3922	0.027	-0.4344	0.0272	-0.4496	0.0271	-0.4748	0.0271	-0.5216	0.0273	-0.5398	0.0272	-0.5648	0.0272	-0.2262	0.0284	-0.275	0.0282	-0.3318	0.028	-0.2837	0.0285	-0.3499	0.0283	-0.4204	0.028	-0.3567	0.0286	-0.4391	0.0285	-0.5179	0.0281
ARG_101	-0.3535	0.0276	-0.3179	0.0277	-0.2906	0.0277	-0.3973	0.0277	-0.3597	0.0278	-0.3303	0.0278	-0.4443	0.0278	-0.4062	0.0278	-0.3754	0.0279	-0.3239	0.0262	-0.3338	0.0261	-0.3539	0.0261	-0.3927	0.0262	-0.407	0.0262	-0.4304	0.0261	-0.4738	0.0263	-0.4912	0.0262	-0.515	0.0262	-0.204	0.0273	-0.2482	0.0272	-0.2996	0.027	-0.2566	0.0274	-0.3174	0.0273	-0.3818	0.027	-0.3243	0.0276	-0.4008	0.0274	-0.4739	0.0271
ARG_102	-0.362	0.0279	-0.3258	0.028	-0.2979	0.028	-0.4066	0.028	-0.3684	0.0281	-0.3384	0.0281	-0.4543	0.0281	-0.4157	0.0282	-0.3845	0.0282	-0.3319	0.0264	-0.342	0.0264	-0.3624	0.0264	-0.402	0.0265	-0.4164	0.0265	-0.4401	0.0264	-0.4843	0.0266	-0.5017	0.0265	-0.5259	0.0265	-0.2089	0.0277	-0.2541	0.0276	-0.3066	0.0273	-0.2625	0.0278	-0.3243	0.0276	-0.3901	0.0273	-0.3312	0.0279	-0.4088	0.0277	-0.4833	0.0274
ARG_103	-0.3721	0.0283	-0.3352	0.0284	-0.3067	0.0284	-0.4176	0.0284	-0.3787	0.0284	-0.3482	0.0285	-0.4663	0.0285	-0.4271	0.0285	-0.3953	0.0286	-0.3419	0.0268	-0.3522	0.0267	-0.3732	0.0267	-0.4135	0.0268	-0.4282	0.0268	-0.4525	0.0267	-0.4973	0.0269	-0.515	0.0269	-0.5398	0.0268	-0.2152	0.028	-0.2617	0.0279	-0.3158	0.0276	-0.2702	0.0281	-0.3335	0.028	-0.401	0.0277	-0.3402	0.0282	-0.4194	0.0281	-0.4957	0.0278
ARG_104	-0.4145	0.0312	-0.3756	0.0312	-0.3452	0.0312	-0.4637	0.0314	-0.4231	0.0314	-0.3908	0.0314	-0.516	0.0315	-0.4755	0.0315	-0.4423	0.0315	-0.3879	0.0292	-0.3997	0.0292	-0.4228	0.0291	-0.4661	0.0294	-0.4827	0.0294	-0.5092	0.0293	-0.5564	0.0297	-0.5761	0.0297	-0.6021	0.0296	-0.2471	0.0306	-0.2992	0.0305	-0.3592	0.0301	-0.3084	0.0308	-0.3782	0.0306	-0.4524	0.0303	-0.3853	0.031	-0.4714	0.0309	-0.5535	0.0305
ARG_105	-0.4285	0.0316	-0.3887	0.0316	-0.3576	0.0316	-0.479	0.0318	-0.4377	0.0318	-0.4047	0.0318	-0.5326	0.0319	-0.4915	0.032	-0.4577	0.032	-0.4027	0.0296	-0.4149	0.0295	-0.4386	0.0295	-0.483	0.0298	-0.4999	0.0297	-0.5269	0.0297	-0.5751	0.0301	-0.595	0.0301	-0.6214	0.03	-0.2572	0.031	-0.3111	0.0308	-0.3731	0.0304	-0.3205	0.0311	-0.3922	0.031	-0.4684	0.0306	-0.3992	0.0314	-0.4872	0.0312	-0.5712	0.0309
ARG_106	-0.4441	0.0319	-0.4033	0.032	-0.3714	0.032	-0.4962	0.0322	-0.4539	0.0322	-0.4203	0.0322	-0.5513	0.0323	-0.5095	0.0323	-0.4751	0.0323	-0.4196	0.0298	-0.4322	0.0298	-0.4567	0.0297	-0.5023	0.03	-0.5196	0.03	-0.5474	0.03	-0.5966	0.0304	-0.6168	0.0304	-0.6438	0.0304	-0.2687	0.0313	-0.3248	0.031	-0.3891	0.0306	-0.3344	0.0314	-0.4085	0.0313	-0.4872	0.0309	-0.4154	0.0317	-0.5057	0.0316	-0.592	0.0312
ARG_107	-0.3901	0.0304	-0.3527	0.0304	-0.3236	0.0304	-0.437	0.0305	-0.3978	0.0306	-0.3667	0.0306	-0.4868	0.0307	-0.4476	0.0307	-0.4156	0.0307	-0.3625	0.0285	-0.3734	0.0285	-0.395	0.0284	-0.4367	0.0287	-0.4521	0.0286	-0.4767	0.0286	-0.5229	0.0289	-0.5412	0.0289	-0.5655	0.0288	-0.2304	0.0299	-0.2791	0.0297	-0.3353	0.0294	-0.2881	0.03	-0.3539	0.0299	-0.4234	0.0295	-0.361	0.0302	-0.4427	0.03	-0.52	0.0297
ARG_108	-0.4005	0.0307	-0.3624	0.0307	-0.3328	0.0308	-0.4483	0.0309	-0.4085	0.0309	-0.377	0.0309	-0.4992	0.031	-0.4595	0.031	-0.427	0.031	-0.3734	0.0288	-0.3846	0.0287	-0.4066	0.0287	-0.4492	0.0289	-0.4648	0.0289	-0.4899	0.0289	-0.5369	0.0292	-0.5553	0.0292	-0.58	0.0291	-0.2378	0.0301	-0.2879	0.03	-0.3455	0.0296	-0.297	0.0303	-0.3643	0.0301	-0.4353	0.0298	-0.3714	0.0305	-0.4545	0.0303	-0.5332	0.03
ARG_109	-0.4118	0.031	-0.373	0.031	-0.3428	0.031	-0.4608	0.0311	-0.4203	0.0312	-0.3883	0.0312	-0.5127	0.0313	-0.4725	0.0313	-0.4395	0.0313	-0.3856	0.029	-0.3971	0.0289	-0.4198	0.0289	-0.4632	0.0291	-0.4792	0.0291	-0.5048	0.0291	-0.5526	0.0294	-0.5713	0.0294	-0.5964	0.0294	-0.2462	0.0304	-0.2978	0.0302	-0.3571	0.0298	-0.3071	0.0305	-0.3761	0.0303	-0.4489	0.0299	-0.3832	0.0307	-0.4681	0.0306	-0.5486	0.0302
ARG_110	-0.3707	0.0297	-0.3345	0.0297	-0.3065	0.0297	-0.4157	0.0298	-0.3776	0.0298	-0.3477	0.0299	-0.4638	0.0299	-0.4255	0.03	-0.3944	0.03	-0.3426	0.0279	-0.353	0.0279	-0.3736	0.0278	-0.4136	0.028	-0.4283	0.028	-0.452	0.028	-0.4966	0.0282	-0.5142	0.0282	-0.5381	0.0281	-0.2174	0.0292	-0.2636	0.0291	-0.3169	0.0288	-0.2723	0.0293	-0.335	0.0292	-0.4014	0.0289	-0.3421	0.0295	-0.4205	0.0293	-0.4952	0.029
ARG_111	-0.3785	0.0299	-0.3418	0.03	-0.3134	0.03	-0.4242	0.0301	-0.3857	0.0301	-0.3554	0.0301	-0.4731	0.0302	-0.4343	0.0302	-0.4029	0.0302	-0.3508	0.0281	-0.3613	0.0281	-0.3823	0.028	-0.423	0.0282	-0.4378	0.0282	-0.4619	0.0282	-0.5071	0.0284	-0.5248	0.0284	-0.549	0.0284	-0.2229	0.0294	-0.2701	0.0293	-0.3245	0.0289	-0.2789	0.0296	-0.3428	0.0294	-0.4103	0.029	-0.3499	0.0297	-0.4294	0.0296	-0.5053	0.0292
ARG_112	-0.3867	0.0301	-0.3495	0.0302	-0.3207	0.0302	-0.4333	0.0303	-0.3942	0.0303	-0.3636	0.0303	-0.4829	0.0304	-0.4438	0.0304	-0.412	0.0305	-0.3597	0.0283	-0.3705	0.0282	-0.3919	0.0282	-0.4332	0.0284	-0.4484	0.0284	-0.4729	0.0283	-0.5187	0.0286	-0.5366	0.0286	-0.5613	0.0286	-0.2291	0.0296	-0.2774	0.0294	-0.3331	0.029	-0.2864	0.0297	-0.3515	0.0295	-0.4204	0.0292	-0.3586	0.0299	-0.4395	0.0297	-0.5167	0.0294
ARG_113	-0.4848	0.0341	-0.4397	0.0343	-0.403	0.0344	-0.5392	0.0343	-0.4926	0.0344	-0.4539	0.0345	-0.5963	0.0346	-0.5501	0.0346	-0.5107	0.0347	-0.4377	0.0322	-0.4457	0.0322	-0.467	0.0322	-0.5222	0.0323	-0.5348	0.0323	-0.5596	0.0322	-0.6195	0.0324	-0.6354	0.0324	-0.6598	0.0324	-0.2643	0.0342	-0.318	0.0342	-0.3827	0.034	-0.3273	0.0343	-0.3994	0.0343	-0.4792	0.034	-0.4065	0.0345	-0.4955	0.0344	-0.5841	0.0342
ARG_114	-0.596	0.0368	-0.544	0.037	-0.5001	0.037	-0.6572	0.0372	-0.6048	0.0372	-0.5598	0.0373	-0.7196	0.0374	-0.6693	0.0374	-0.6248	0.0375	-0.5336	0.0342	-0.5383	0.0342	-0.5594	0.0342	-0.6295	0.0345	-0.6388	0.0344	-0.663	0.0344	-0.7373	0.0349	-0.75	0.0348	-0.7733	0.0347	-0.3109	0.0365	-0.3721	0.0365	-0.4478	0.0363	-0.3812	0.0367	-0.461	0.0366	-0.5522	0.0364	-0.4676	0.0369	-0.5639	0.0368	-0.663	0.0366
ARG_115	-0.8043	0.0407	-0.7419	0.0407	-0.6871	0.0407	-0.8748	0.041	-0.8152	0.041	-0.7621	0.041	-0.9433	0.0411	-0.8892	0.0412	-0.8396	0.0412	-0.7221	0.0368	-0.7216	0.0367	-0.7443	0.0366	-0.8392	0.0376	-0.8439	0.0374	-0.8686	0.0372	-0.964	0.0385	-0.9734	0.0383	-0.9965	0.0381	-0.4041	0.0392	-0.4824	0.0391	-0.5824	0.0389	-0.4894	0.0394	-0.5859	0.0394	-0.7007	0.0392	-0.59	0.0399	-0.7006	0.0398	-0.82	0.0397
ARG_116	-0.4626	0.0339	-0.4194	0.034	-0.3844	0.0341	-0.5147	0.0341	-0.4699	0.0342	-0.4329	0.0343	-0.5694	0.0343	-0.5249	0.0343	-0.4872	0.0344	-0.4171	0.0319	-0.4248	0.032	-0.445	0.0319	-0.4978	0.032	-0.5098	0.032	-0.5331	0.032	-0.5909	0.0322	-0.6059	0.0322	-0.6288	0.0322	-0.2526	0.0339	-0.3038	0.0339	-0.3651	0.0337	-0.3127	0.034	-0.3815	0.034	-0.457	0.0337	-0.3886	0.0342	-0.4736	0.0341	-0.5574	0.0338
ARG_117	-0.5502	0.0363	-0.5016	0.0364	-0.4613	0.0364	-0.6076	0.0366	-0.5584	0.0366	-0.5168	0.0366	-0.6664	0.0367	-0.6189	0.0368	-0.5775	0.0368	-0.4945	0.0337	-0.5002	0.0337	-0.5209	0.0337	-0.5843	0.034	-0.5943	0.034	-0.6178	0.0339	-0.6856	0.0345	-0.6987	0.0344	-0.7215	0.0343	-0.2923	0.0359	-0.35	0.0358	-0.4207	0.0356	-0.3588	0.036	-0.4343	0.036	-0.5193	0.0357	-0.4408	0.0363	-0.5321	0.0362	-0.6247	0.036
ARG_118	-0.6936	0.0392	-0.6377	0.0392	-0.5902	0.0392	-0.7584	0.0395	-0.7041	0.0395	-0.6571	0.0395	-0.8227	0.0396	-0.7722	0.0396	-0.7274	0.0397	-0.6288	0.0359	-0.633	0.0358	-0.6572	0.0357	-0.7338	0.0365	-0.7425	0.0364	-0.7686	0.0363	-0.8473	0.0373	-0.8595	0.0371	-0.8839	0.0371	-0.3653	0.038	-0.4369	0.0379	-0.5263	0.0376	-0.4438	0.0383	-0.533	0.0382	-0.6362	0.038	-0.5372	0.0387	-0.6403	0.0387	-0.7484	0.0385
ARG_119	-0.4426	0.0336	-0.401	0.0337	-0.3676	0.0338	-0.4927	0.0338	-0.4494	0.0339	-0.414	0.034	-0.5456	0.034	-0.5023	0.034	-0.466	0.0341	-0.399	0.0317	-0.4065	0.0317	-0.4262	0.0317	-0.4764	0.0318	-0.4882	0.0318	-0.511	0.0317	-0.566	0.032	-0.5807	0.032	-0.6038	0.0319	-0.2425	0.0336	-0.2916	0.0335	-0.3504	0.0333	-0.3003	0.0337	-0.3664	0.0336	-0.439	0.0334	-0.3734	0.0339	-0.4553	0.0338	-0.5368	0.0335
ARG_120	-0.5089	0.0356	-0.4633	0.0357	-0.4261	0.0357	-0.563	0.0358	-0.5165	0.0359	-0.4779	0.0359	-0.6191	0.036	-0.5737	0.036	-0.5348	0.0361	-0.4592	0.0332	-0.4659	0.0332	-0.4865	0.0331	-0.5437	0.0335	-0.5545	0.0334	-0.5781	0.0333	-0.6395	0.0339	-0.6534	0.0338	-0.6769	0.0337	-0.2752	0.0352	-0.3299	0.0351	-0.3962	0.0348	-0.3383	0.0353	-0.4101	0.0353	-0.4904	0.035	-0.4166	0.0356	-0.5038	0.0355	-0.5923	0.0352
ARG_121	-0.6028	0.0377	-0.5526	0.0377	-0.5111	0.0377	-0.6626	0.038	-0.6127	0.038	-0.5709	0.038	-0.7231	0.0381	-0.6757	0.0381	-0.6348	0.0382	-0.5514	0.0348	-0.5587	0.0348	-0.583	0.0347	-0.6464	0.0353	-0.6579	0.0352	-0.6847	0.0352	-0.7507	0.036	-0.7651	0.0359	-0.791	0.0359	-0.3301	0.0368	-0.3955	0.0367	-0.4753	0.0364	-0.4025	0.0371	-0.485	0.037	-0.5785	0.0367	-0.4895	0.0375	-0.586	0.0374	-0.6859	0.0372
ARG_122	1404.6998	0.0601	657.0489	0.0621	459.864	0.0618	2974.0323	0.0564	1821.5474	0.0588	1704.2412	0.0575	7140.4122	0.0569	6865.6807	0.0536	10051.466	0.0465	34045.0605	0.0249	44372.9992	0.0313	53139.0184	0.0573	35200.041	0.0278	17775.0195	0.0415	13006.2177	0.0571	4340.1385	0.0516	1964.3777	0.0552	1944.2201	0.0531	11228.5958	0.0414	35403.4932	0.0354	58542.3037	0.0628	39792.0767	0.0259	23622.4509	0.0408	14892.87	0.0644	4812.2048	0.0473	1515.8779	0.0562	1488.8036	0.0561
ARG_123	306.4533	0.0553	148.7479	0.0563	88.7009	0.056	525.1615	0.054	309.3791	0.0555	194.3352	0.0556	679.353	0.0536	541.5388	0.0544	427.3765	0.0538	259.3484	0.0464	484.3675	0.0482	1068.2714	0.0531	311.1208	0.0488	396.2225	0.0505	609.3292	0.0529	210.3649	0.0533	187.9806	0.0529	303.7202	0.0508	94.7964	0.0502	329.2619	0.0499	1093.869	0.0553	197.2914	0.0486	336.1999	0.0512	636.4032	0.0555	99.7772	0.0505	114.1227	0.0522	261.3478	0.0512
ARG_124	82.3749	0.0522	40.4577	0.0526	21.6954	0.0524	127.9492	0.0517	77.68	0.0526	46.391	0.0527	137.7696	0.0511	111.8829	0.0522	85.1312	0.0525	15.8657	0.0476	24.4571	0.0481	55.96	0.049	24.4079	0.0493	29.5404	0.0493	55.8696	0.0492	38.265	0.0511	31.1993	0.0503	57.2921	0.0487	0.9022	0.0495	13.1344	0.0496	53.9379	0.0506	4.0032	0.0496	16.6365	0.0502	53.5388	0.0507	3.5886	0.0497	13.1606	0.0499	51.5023	0.049
ARG_125	19.5836	0.0519	12.4852	0.0522	8.9185	0.0522	45.9877	0.0508	35.4809	0.0518	28.9208	0.0525	96.5483	0.0509	86.2534	0.0525	79.5947	0.0535	104.1125	0.0502	257.3417	0.0521	507.3324	0.0545	177.8581	0.0526	301.6656	0.0539	463.9865	0.0538	122.5112	0.0525	168.4511	0.0513	320.9563	0.0483	43.7251	0.0497	168.2907	0.0513	458.0299	0.0542	121.6065	0.0506	270.9683	0.0533	487.9251	0.054	97.1268	0.0492	139.2819	0.049	325.431	0.046
ARG_126	2.9059	0.0503	-0.0667	0.0503	-1.3887	0.0501	6.7641	0.0498	3.269	0.0502	1.286	0.0504	12.0995	0.0492	8.5243	0.05	6.2236	0.0506	4.2608	0.047	14.807	0.0471	33.8776	0.0475	9.6649	0.0489	22.0449	0.0485	47.9663	0.0478	11.1659	0.0495	22.5103	0.0482	54.1453	0.0463	0.5822	0.0474	9.736	0.0476	30.8002	0.0481	4.8259	0.0482	18.1594	0.0486	49.914	0.0481	5.7081	0.0477	18.053	0.047	57.2739	0.0452
ARG_127	-0.1481	0.0487	-1.8685	0.0486	-2.4977	0.0484	0.9179	0.0485	-1.07	0.0486	-1.9809	0.0486	2.4085	0.0477	0.0644	0.0482	-1.0381	0.0486	-2.5124	0.0448	-1.1816	0.0445	2.5615	0.0444	-1.6976	0.0462	0.3353	0.0456	7.5283	0.045	-0.5065	0.0471	2.0275	0.0461	12.5472	0.0449	-2.2157	0.0457	-1.2741	0.0456	2.3281	0.0456	-2.0832	0.0462	-0.0528	0.0461	8.3088	0.0456	-1.9126	0.0462	1.2068	0.0456	14.3584	0.0445
ARG_128	-2.2254	0.0469	-2.7035	0.0468	-2.809	0.0466	-1.8254	0.0467	-2.4736	0.0467	-2.6547	0.0467	-0.2709	0.0463	-1.4982	0.0465	-1.8427	0.0467	-0.7717	0.0436	2.042	0.0435	5.9936	0.0436	1.9289	0.045	6.7584	0.0445	15.0174	0.0439	4.3551	0.0452	11.1121	0.0441	23.5638	0.0429	-1.4472	0.0445	0.8856	0.0443	4.772	0.0443	0.4893	0.0454	5.4758	0.0452	15.1901	0.0443	2.4588	0.0453	9.6717	0.044	25.154	0.0423
ARG_129	-1.8465	0.0455	-2.3149	0.0454	-2.406	0.0452	-1.6498	0.0454	-2.3504	0.0454	-2.5551	0.0453	-0.5303	0.0451	-2.0192	0.0451	-2.5041	0.0452	-2.5166	0.0418	-2.0181	0.0417	-0.4512	0.0417	-2.2268	0.0429	-1.1017	0.0425	2.4605	0.0422	-1.6377	0.0434	0.1953	0.0426	5.4305	0.042	-2.0298	0.0431	-1.859	0.0429	-0.5848	0.0428	-2.0707	0.0436	-1.1564	0.0434	2.8264	0.0429	-1.8678	0.0437	0.0083	0.043	6.3372	0.042
ARG_130	-1.6032	0.0443	-1.9775	0.0442	-2.0251	0.044	-1.4264	0.0443	-2.0298	0.0442	-2.1821	0.0442	-0.4358	0.044	-1.7913	0.044	-2.2129	0.0441	-2.3121	0.0406	-2.0973	0.0405	-0.4723	0.0405	-2.3767	0.0415	-1.7038	0.0411	2.2195	0.041	-2.2607	0.0421	-1.0839	0.0416	4.4772	0.0412	-1.7097	0.042	-1.8121	0.0419	-0.5634	0.0418	-1.9672	0.0424	-1.6259	0.0422	2.7222	0.0419	-2.1149	0.0426	-1.1608	0.0421	5.4127	0.0416
ARG_131	-0.5943	0.0343	-0.5435	0.0345	-0.501	0.0346	-0.6549	0.0344	-0.604	0.0345	-0.5606	0.0346	-0.7168	0.0344	-0.668	0.0345	-0.6252	0.0346	-0.5393	0.0326	-0.5456	0.0327	-0.5682	0.0326	-0.6349	0.0328	-0.6458	0.0328	-0.6712	0.0328	-0.7415	0.033	-0.7556	0.033	-0.7798	0.0329	-0.3209	0.0344	-0.3839	0.0343	-0.4607	0.0341	-0.3926	0.0345	-0.4738	0.0344	-0.5655	0.0342	-0.48	0.0347	-0.5769	0.0346	-0.6757	0.0343
ARG_132	-0.728	0.0359	-0.6704	0.0361	-0.6211	0.0362	-0.7959	0.0361	-0.7401	0.0362	-0.6915	0.0363	-0.8634	0.0361	-0.8116	0.0362	-0.7654	0.0363	-0.6645	0.0342	-0.6689	0.0342	-0.6939	0.0342	-0.7744	0.0344	-0.7833	0.0344	-0.8101	0.0344	-0.8922	0.0346	-0.9045	0.0346	-0.9292	0.0346	-0.3885	0.036	-0.4642	0.0359	-0.5579	0.0357	-0.4714	0.0362	-0.5649	0.0361	-0.6728	0.0359	-0.569	0.0364	-0.6763	0.0363	-0.7887	0.036
ARG_133	-0.9085	0.038	-0.8445	0.0382	-0.7893	0.0383	-0.987	0.0382	-0.9265	0.0383	-0.8738	0.0384	-1.0648	0.0382	-1.0096	0.0383	-0.9605	0.0384	-0.8538	0.0359	-0.8605	0.036	-0.8934	0.036	-0.9827	0.0363	-0.9943	0.0363	-1.0272	0.0362	-1.1117	0.0366	-1.1274	0.0366	-1.1566	0.0365	-0.5009	0.0378	-0.6003	0.0377	-0.7231	0.0375	-0.6029	0.038	-0.7185	0.0379	-0.8528	0.0377	-0.7174	0.0383	-0.8421	0.0382	-0.9748	0.0379
ARG_134	-0.5415	0.0337	-0.4942	0.0339	-0.4553	0.034	-0.5983	0.0339	-0.5504	0.0339	-0.5103	0.0341	-0.6568	0.0339	-0.6104	0.034	-0.5704	0.0341	-0.4925	0.0321	-0.4996	0.0321	-0.5214	0.0321	-0.5815	0.0322	-0.5929	0.0322	-0.6174	0.0322	-0.6816	0.0324	-0.6959	0.0324	-0.7194	0.0324	-0.2969	0.0338	-0.3555	0.0337	-0.4264	0.0335	-0.3641	0.0339	-0.4403	0.0338	-0.5251	0.0336	-0.4466	0.0341	-0.5381	0.034	-0.63	0.0337
ARG_135	-0.6324	0.0352	-0.5803	0.0354	-0.5369	0.0355	-0.6949	0.0354	-0.6434	0.0354	-0.5998	0.0355	-0.7578	0.0354	-0.7092	0.0355	-0.6669	0.0356	-0.5802	0.0334	-0.5872	0.0334	-0.6119	0.0334	-0.6795	0.0336	-0.6906	0.0336	-0.7173	0.0336	-0.7878	0.0338	-0.8017	0.0338	-0.8265	0.0338	-0.3479	0.0351	-0.4164	0.0351	-0.4998	0.0349	-0.4238	0.0353	-0.5097	0.0352	-0.6066	0.035	-0.5144	0.0355	-0.6142	0.0354	-0.7164	0.0351
ARG_136	-0.7453	0.0371	-0.6883	0.0372	-0.6407	0.0373	-0.8157	0.0372	-0.7608	0.0373	-0.7143	0.0374	-0.886	0.0373	-0.8354	0.0373	-0.7914	0.0374	-0.701	0.0348	-0.7115	0.0348	-0.7433	0.0348	-0.8141	0.0352	-0.8282	0.0351	-0.8605	0.0351	-0.9318	0.0355	-0.9479	0.0355	-0.9766	0.0354	-0.4259	0.0366	-0.5113	0.0365	-0.6143	0.0363	-0.5157	0.0368	-0.6178	0.0367	-0.733	0.0365	-0.6186	0.037	-0.7317	0.0369	-0.8483	0.0367
ARG_137	-0.4973	0.0332	-0.4529	0.0334	-0.4169	0.0335	-0.5509	0.0333	-0.5055	0.0334	-0.4681	0.0335	-0.6066	0.0334	-0.5621	0.0335	-0.5244	0.0336	-0.4531	0.0316	-0.4609	0.0316	-0.4822	0.0316	-0.5367	0.0317	-0.5486	0.0317	-0.5728	0.0317	-0.6315	0.0319	-0.6462	0.0319	-0.6702	0.0318	-0.2762	0.0332	-0.3313	0.0332	-0.3972	0.033	-0.3397	0.0334	-0.4117	0.0333	-0.4913	0.033	-0.4181	0.0335	-0.5053	0.0334	-0.5928	0.0332
ARG_138	-0.5568	0.0345	-0.5092	0.0346	-0.4705	0.0347	-0.6145	0.0347	-0.5667	0.0347	-0.5271	0.0348	-0.6737	0.0347	-0.6277	0.0348	-0.5885	0.0349	-0.513	0.0326	-0.5215	0.0326	-0.5456	0.0326	-0.6037	0.0328	-0.6163	0.0328	-0.6429	0.0328	-0.7043	0.0331	-0.7194	0.033	-0.745	0.033	-0.3136	0.0343	-0.376	0.0342	-0.4508	0.034	-0.3837	0.0345	-0.463	0.0344	-0.5513	0.0342	-0.4682	0.0347	-0.5618	0.0346	-0.6568	0.0343
ARG_139	-0.6226	0.036	-0.5722	0.0361	-0.5313	0.0362	-0.6858	0.0362	-0.636	0.0363	-0.5949	0.0363	-0.7502	0.0363	-0.7031	0.0363	-0.6631	0.0364	-0.5878	0.0337	-0.5999	0.0337	-0.6293	0.0337	-0.6877	0.0341	-0.7035	0.034	-0.7345	0.034	-0.7948	0.0345	-0.8124	0.0344	-0.8412	0.0343	-0.3658	0.0354	-0.4396	0.0353	-0.5269	0.0351	-0.4457	0.0356	-0.5363	0.0355	-0.6365	0.0353	-0.5391	0.0359	-0.6423	0.0358	-0.7469	0.0355
ARG_140	-0.3914	0.0287	-0.3528	0.0288	-0.3225	0.0288	-0.4394	0.0288	-0.3987	0.0289	-0.3663	0.0289	-0.4907	0.0289	-0.4497	0.029	-0.416	0.029	-0.3599	0.0272	-0.3709	0.0272	-0.3932	0.0272	-0.4357	0.0273	-0.4518	0.0272	-0.4779	0.0272	-0.5247	0.0273	-0.5442	0.0273	-0.5705	0.0272	-0.2259	0.0286	-0.2749	0.0285	-0.332	0.0282	-0.284	0.0287	-0.351	0.0285	-0.423	0.0283	-0.3581	0.0288	-0.4424	0.0286	-0.5234	0.0283
ARG_141	-0.4158	0.0296	-0.3753	0.0297	-0.3433	0.0297	-0.4659	0.0297	-0.4233	0.0298	-0.3892	0.0298	-0.5193	0.0298	-0.4765	0.0299	-0.4411	0.0299	-0.3811	0.0281	-0.3917	0.0281	-0.4144	0.028	-0.4598	0.0281	-0.4754	0.0281	-0.5019	0.028	-0.5516	0.0282	-0.5707	0.0282	-0.5973	0.0281	-0.2376	0.0295	-0.2883	0.0294	-0.348	0.0292	-0.2976	0.0296	-0.3667	0.0295	-0.4415	0.0292	-0.3738	0.0297	-0.4603	0.0296	-0.5443	0.0293
ARG_142	-0.4571	0.0308	-0.4134	0.0309	-0.3785	0.031	-0.5107	0.0309	-0.4651	0.031	-0.4281	0.0311	-0.5674	0.0311	-0.5219	0.0311	-0.4838	0.0312	-0.4172	0.0292	-0.4274	0.0292	-0.4509	0.0291	-0.5008	0.0293	-0.5159	0.0292	-0.5433	0.0292	-0.5975	0.0294	-0.616	0.0293	-0.6432	0.0293	-0.2572	0.0307	-0.3114	0.0306	-0.3759	0.0304	-0.3206	0.0308	-0.3936	0.0307	-0.4737	0.0305	-0.4004	0.031	-0.4908	0.0309	-0.5803	0.0306
ARG_143	-0.3748	0.0287	-0.3375	0.0287	-0.3084	0.0288	-0.4208	0.0288	-0.3814	0.0288	-0.3501	0.0289	-0.47	0.0289	-0.4302	0.0289	-0.3976	0.029	-0.3424	0.0272	-0.3525	0.0272	-0.3731	0.0272	-0.4146	0.0272	-0.4292	0.0272	-0.4531	0.0272	-0.4995	0.0273	-0.5172	0.0273	-0.541	0.0272	-0.2146	0.0285	-0.2607	0.0284	-0.3145	0.0282	-0.2695	0.0286	-0.3328	0.0285	-0.4002	0.0283	-0.34	0.0288	-0.4197	0.0286	-0.4955	0.0283
ARG_144	-0.3961	0.0295	-0.3572	0.0296	-0.3266	0.0296	-0.4439	0.0296	-0.4029	0.0296	-0.3702	0.0297	-0.4948	0.0297	-0.4536	0.0297	-0.4196	0.0298	-0.3611	0.028	-0.3708	0.028	-0.3918	0.0279	-0.4357	0.028	-0.45	0.028	-0.4742	0.0279	-0.5231	0.0281	-0.5404	0.0281	-0.5645	0.028	-0.2249	0.0294	-0.2727	0.0293	-0.3287	0.0291	-0.2815	0.0295	-0.3467	0.0294	-0.4166	0.0291	-0.3538	0.0296	-0.4355	0.0295	-0.5139	0.0292
ARG_145	-0.4301	0.0305	-0.3887	0.0306	-0.3558	0.0307	-0.4806	0.0307	-0.4373	0.0307	-0.4024	0.0308	-0.5342	0.0308	-0.4909	0.0308	-0.4548	0.0309	-0.3913	0.029	-0.4008	0.029	-0.4225	0.0289	-0.4699	0.029	-0.484	0.029	-0.5089	0.029	-0.5613	0.0291	-0.5783	0.0291	-0.603	0.0291	-0.2417	0.0305	-0.2924	0.0304	-0.3523	0.0302	-0.3012	0.0306	-0.3696	0.0305	-0.4438	0.0302	-0.3765	0.0307	-0.4615	0.0306	-0.5442	0.0303
ARG_146	-0.362	0.0287	-0.3257	0.0288	-0.2975	0.0288	-0.4065	0.0288	-0.368	0.0289	-0.3377	0.0289	-0.4543	0.0289	-0.4152	0.029	-0.3835	0.029	-0.3294	0.0273	-0.3389	0.0273	-0.3586	0.0272	-0.3987	0.0273	-0.4125	0.0273	-0.4357	0.0272	-0.4806	0.0274	-0.4974	0.0273	-0.5212	0.0273	-0.2063	0.0286	-0.2504	0.0285	-0.3019	0.0283	-0.2588	0.0287	-0.3195	0.0286	-0.3844	0.0283	-0.3265	0.0288	-0.4032	0.0287	-0.4771	0.0284
ARG_147	-0.3806	0.0294	-0.3429	0.0295	-0.3135	0.0296	-0.4267	0.0295	-0.3869	0.0296	-0.3553	0.0297	-0.4759	0.0296	-0.4356	0.0297	-0.4027	0.0298	-0.3458	0.028	-0.355	0.028	-0.375	0.0279	-0.4172	0.028	-0.4308	0.028	-0.4542	0.0279	-0.5012	0.0281	-0.5178	0.028	-0.5418	0.028	-0.2154	0.0293	-0.2609	0.0293	-0.3143	0.0291	-0.2694	0.0295	-0.3317	0.0294	-0.3987	0.0291	-0.3387	0.0296	-0.417	0.0295	-0.4932	0.0292
ARG_148	-0.4085	0.0303	-0.3689	0.0304	-0.3377	0.0305	-0.4567	0.0305	-0.4151	0.0305	-0.3818	0.0306	-0.5081	0.0306	-0.4662	0.0306	-0.4317	0.0307	-0.3709	0.0288	-0.3801	0.0288	-0.4006	0.0288	-0.4457	0.0289	-0.4591	0.0289	-0.483	0.0288	-0.5328	0.029	-0.5492	0.0289	-0.5737	0.0289	-0.2296	0.0303	-0.2775	0.0302	-0.334	0.03	-0.286	0.0304	-0.351	0.0303	-0.4214	0.03	-0.3578	0.0305	-0.4388	0.0304	-0.5185	0.0301
ARG_149	51.644	0.0471	13.0899	0.0469	3.511	0.0467	194.6252	0.0481	54.836	0.0475	17.6713	0.047	491.4511	0.0489	181.751	0.0481	69.5557	0.0475	18.3256	0.0325	80.3579	0.0321	133.2466	0.035	65.4294	0.0337	216.4462	0.0349	226.8989	0.036	123.5821	0.0416	257.5956	0.0398	369.5123	0.0375	2.8709	0.039	42.4826	0.0344	113.4905	0.0359	22.198	0.037	172.3883	0.0363	219.2676	0.0359	65.8413	0.0461	225.4246	0.042	439.6832	0.0365
ARG_150	12.7326	0.0443	2.6014	0.0441	-0.4469	0.044	37.713	0.0452	12.3736	0.0449	3.392	0.0447	71.5202	0.046	33.5342	0.0458	14.6662	0.0457	0.7326	0.0381	7.7715	0.0378	16.3172	0.0375	4.1313	0.0395	13.8207	0.0393	27.6307	0.0386	9.9996	0.042	25.4806	0.0412	72.8882	0.0403	-1.0891	0.0413	4.6556	0.04	15.0897	0.0386	0.3892	0.0423	11.1376	0.0415	28.0198	0.0395	3.106	0.0449	22.2487	0.0434	93.3279	0.0411
ARG_151	3.0143	0.0418	-0.3551	0.0416	-1.3876	0.0415	8.11	0.0425	1.9952	0.0423	-0.4244	0.0422	13.8655	0.0431	6.2547	0.043	2.1438	0.0429	-1.7306	0.0373	-1.0237	0.0372	0.8653	0.0369	-1.3964	0.038	-0.3702	0.0379	3.5148	0.0377	0.1299	0.0392	2.4818	0.0391	12.991	0.0392	-1.3927	0.04	-0.9107	0.0394	0.9609	0.0383	-1.5313	0.0405	-0.4375	0.0401	3.9527	0.0391	-1.271	0.0416	2.156	0.0412	17.0531	0.0407
ARG_152	-0.1404	0.0431	-1.3754	0.043	-1.7086	0.043	1.3757	0.0435	-0.6718	0.0434	-1.4454	0.0434	3.3315	0.044	0.5846	0.0439	-0.7353	0.0438	1.1029	0.0366	7.6431	0.0362	13.3671	0.0364	5.6164	0.0364	16.2865	0.0365	32.8669	0.0367	12.1491	0.0379	35.6677	0.0379	115.3769	0.0382	-0.7823	0.04	4.7763	0.0383	11.6339	0.0373	1.5416	0.0392	13.5457	0.0381	32.5644	0.0371	6.0248	0.0404	31.738	0.0394	146.4346	0.0385
ARG_153	-0.4573	0.0405	-1.4511	0.0405	-1.6755	0.0404	0.0409	0.0409	-1.2957	0.0409	-1.7216	0.0409	1.0635	0.0413	-0.8471	0.0413	-1.5873	0.0413	-1.5519	0.0361	-0.7689	0.0358	0.8121	0.0355	-1.1921	0.0363	0.2719	0.0362	4.6845	0.0362	0.086	0.0373	4.1147	0.0374	17.0944	0.0376	-1.3086	0.0387	-0.7553	0.0378	0.7126	0.0366	-1.3456	0.0387	0.0472	0.038	4.9579	0.037	-0.8084	0.0395	3.7015	0.039	21.4989	0.0385
ARG_154	-0.3339	0.0385	-1.2924	0.0385	-1.4731	0.0384	-0.0107	0.0388	-1.2257	0.0388	-1.5537	0.0388	1.0162	0.0392	-0.8704	0.0392	-1.499	0.0392	-1.5725	0.035	-1.5178	0.0348	-0.4936	0.0347	-1.5692	0.0352	-1.3061	0.0352	1.7311	0.0352	-1.2909	0.0359	-0.4296	0.036	5.9322	0.0363	-1.1504	0.0372	-1.2232	0.0367	-0.4669	0.0359	-1.3891	0.0374	-1.1702	0.037	2.1498	0.0364	-1.5102	0.038	-0.4528	0.0378	7.634	0.0375
ARG_155	-1.1529	0.0395	-1.4944	0.0395	-1.5418	0.0395	-1.0053	0.0399	-1.5434	0.0398	-1.6879	0.0399	-0.1591	0.0402	-1.3525	0.0402	-1.7499	0.0402	-1.4463	0.0353	-0.9212	0.035	-0.1384	0.0348	-1.1545	0.0351	-0.0154	0.035	2.5403	0.0351	-0.0571	0.0357	3.3962	0.0359	11.3214	0.0363	-1.2115	0.0378	-0.8507	0.0367	-0.2102	0.0356	-1.2067	0.0374	-0.1173	0.0365	2.67	0.0356	-0.6042	0.0377	3.2596	0.0371	14.1344	0.0368
ARG_156	-0.8054	0.0374	-1.2445	0.0375	-1.313	0.0375	-0.5912	0.0377	-1.253	0.0377	-1.4247	0.0378	0.4919	0.0381	-0.9733	0.0381	-1.4351	0.0381	-1.4655	0.0341	-1.4303	0.0339	-0.6875	0.0337	-1.558	0.0341	-1.336	0.034	0.5796	0.0341	-1.4572	0.0346	-0.7594	0.0347	2.6379	0.0349	-1.0747	0.0362	-1.1711	0.0356	-0.6369	0.0347	-1.3097	0.0362	-1.1871	0.0356	0.8901	0.0349	-1.4313	0.0366	-0.6767	0.0362	3.5374	0.0358
ARG_157	-0.7783	0.0359	-1.1295	0.0359	-1.1658	0.036	-0.5581	0.0362	-1.1242	0.0362	-1.252	0.0362	0.4483	0.0365	-0.8502	0.0365	-1.239	0.0365	-1.2856	0.0331	-1.1259	0.033	0.478	0.0329	-1.3851	0.0331	-0.8396	0.0331	3.1233	0.0332	-1.4017	0.0335	-0.3964	0.0336	5.2746	0.0337	-0.9078	0.035	-0.9617	0.0346	0.3209	0.034	-1.1186	0.0351	-0.8498	0.0347	3.5895	0.0342	-1.2994	0.0354	-0.5326	0.0352	6.2005	0.0348
ARG_158	124991742.1414	0.3609	69339361.6303	0.2531	30917094.0968	0.1264	76285033.5891	0.159	96047133.1903	0.1259	111443112.5599	0.0649	152215622.2499	-0.025	154723013.3239	-0.0301	170861574.4801	-0.0465	1569191250.9358	0.1072	1145330677.4248	0.1296	45195781.9947	0.3512	15092765.1984	0.3575	443334985.0798	0.1623	2981655018.7264	0.063	43485753.7423	0.4432	10121045.4543	0.2028	360117473.6306	-0.1091	1094358.8254	0.3909	902233.7763	0.4286	1059415.3355	0.5014	5677432.7479	0.3664	2128470.6326	0.4005	2340255.9548	0.4574	68652912.4836	0.2047	6710762.6159	0.1686	5392171.3753	0.0573
ARG_159	215422137.97	0.6919	213560887.8838	0.6453	212698403.8742	0.5759	23674092.7991	0.2403	25412801.2403	0.2339	43251602.6531	0.2024	23853726.177	0.0057	25191348.2793	0.0212	31364968.8888	0.0367	19878213484.4345	1.484	19908085600.0686	1.7259	19895570698.4554	1.8985	4920999394498.692	2.6659	4921010401936.883	2.653	4921013812706.956	2.4953	47313170459.7375	1.5561	47311452688.9071	1.252	47861619448.9354	0.5026	3605377177.7964	1.2648	3607495222.3968	1.4624	3626384586.8687	1.6836	4297400602856.0815	2.5577	4297404441074.769	2.6918	4297408926426.143	2.5992	19127181272.7102	1.2115	19127214145.6752	1.0451	22094437073.4129	0.1271
ARG_160	822307.8752	0.1487	768434.9506	0.121	721920.7855	0.0938	517098.262	-0.0802	571980.4656	-0.0685	613332.9761	-0.0452	1200416.4084	-0.3025	725828.8138	-0.2304	532543.8237	-0.1374	9633434.8729	0.5913	99203409535.0698	1.1524	296857137.2412	0.9542	2619200.5608	0.5503	6052865.5913	0.4403	55681019.6135	0.1887	1802544.7345	0.2742	22618381.5475	-0.1459	5718111182.3812	-0.9012	449701.8281	0.4114	19313594989549.434	1.5495	480131607.4896	1.017	1980499.4915	0.474	4708384.0889	0.4932	62576380.0538	0.2291	1186874.0703	0.1537	8878752.214	-0.2032	6172336019.6342	-1.0125
ARG_161	10808165.1276	0.3465	10974922.6351	0.3226	12112440.8659	0.2945	3135923.4323	0.0489	4000019.7967	0.0517	12709972.7568	0.0474	2916221.8576	-0.112	3541719.6795	-0.0711	4493258.149	-0.0322	94122222.4892	0.9938	2277682468.9226	1.4438	391531242.408	1.5898	954499286.0707	1.235	972601494.5647	1.3273	1008044804.584	1.1842	207733459.0044	0.8072	211867923.3895	0.5093	12713413853.5743	-0.5312	36957996.9588	0.7813	91001772.0109	1.1401	434671411.0167	1.5394	900405446.864	1.1073	919378847.628	1.3104	973931063.884	1.2142	136000441.4168	0.6404	137901279.6767	0.3932	138299291276.4288	-1.1536
ARG_162	125489.7062	0.0075	137665.6207	-0.0355	143811.358	-0.0687	194006.1314	-0.2063	308262.0232	-0.2514	352665.7706	-0.2631	10460414.7879	-0.5556	15491515.6192	-0.5857	6333579.4873	-0.4905	203961576.8125	0.5566	1961521851.2681	0.8993	3217318460.0618	1.0835	3332014.8847	0.4135	21631685.4404	0.3438	117579921.7945	0.2116	1196242.0408	0.0621	30860483.6943	-0.3232	516728261.7448	-0.6662	554667.8319	0.2184	1952974666439.5603	1.2163	6071472935.6897	1.1822	975393.7256	0.323	14643094.016	0.3646	157309800.9971	0.2176	521925.0989	0.0237	14755488.7149	-0.3939	465131139.167	-0.8085
ARG_163	7125.6226	0.0058	7389.3179	-0.0278	8972.2085	-0.063	12724.8428	-0.0948	36658.7749	-0.1526	110728.654	-0.2099	349715.2963	-0.2909	2382294.6267	-0.4279	7783905.225	-0.5275	1381588.5816	0.043	43399219.9312	0.0876	2461009693.4252	0.0696	60899785.7037	-0.0408	11081696344.7426	-0.2707	388799199922.1708	-0.5024	57963772.3125	-0.1228	138865008.8823	-0.1766	52312256.3336	-0.1349	407113.4785	-0.0693	5906188.0178	0.0697	318534896.9739	0.1732	4997498.4655	-0.0122	2509074188.193	-0.2072	551984417992.2279	-0.555	15854076.6794	-0.1229	57558840.591	-0.2057	16961618.9248	-0.1884
ARG_164	32502.5724	-0.0162	33959.6764	-0.0595	36706.1749	-0.1001	71321.2499	-0.185	204857.8655	-0.2594	446179.3715	-0.3128	7140843.5937	-0.5344	38921041.387	-0.6993	44703692.1891	-0.7087	140208593.2444	0.3981	83369435.9794	0.5522	695632994.812	0.6312	9584646.5822	0.2266	180927847.9727	0.0767	1145644209.5071	-0.1044	10142153.558	-0.1021	33147288.1977	-0.4101	48831841.088	-0.5273	854054.0356	0.0764	2601220901.5494	0.6079	1021642162.1132	0.7108	2072851.7188	0.1836	82215429.3739	0.1204	1276031266.0434	-0.1176	3795269.5819	-0.0931	18336981.7523	-0.4627	34296155.6447	-0.6344
ARG_165	2209.1112	0.0308	2097.1296	0.0134	2486.6832	-0.0054	2577.0764	-0.0147	6193.1695	-0.0425	28703.4566	-0.0682	21744.5944	-0.0962	104134.6566	-0.1544	581449.1479	-0.2083	3081084.1752	0.0615	162629135.6906	-0.0055	2725212644.564	-0.079	7370931593.7449	-0.2724	5546114664041463.0	-1.7962	38524542834323.08	-1.0252	26665388381.7536	-0.4412	8659472987.1551	-0.3874	144630647.8487	-0.1821	2103518.618	0.0152	8033915.6274	0.0481	196117573.5935	0.0362	99276456.2065	-0.09	17401644932724.445	-0.9425	21856068242361.367	-0.9744	3373474175.5705	-0.3388	3190214368.3265	-0.3658	34390280.4386	-0.1865
ARG_166	162.0642	0.052	168.5987	0.0499	243.3569	0.05	305.3485	0.0453	725.3759	0.0471	5288.7326	0.0595	2597.9313	0.0333	14290.7866	0.0425	492612.724	0.0856	574973316.8254	0.3243	10637036.467	0.0365	25669521.2648	-0.0357	521487930.0493	-0.1474	16103622093.4607	-0.3756	895218298.424	-0.2244	1925851266.3871	-0.2693	237624485.0113	-0.1716	6435554.8945	-0.0564	6466440464.025	0.4557	3478468.1312	0.1354	5155775.6351	0.0107	26784225.0532	0.0436	7741873751.8579	-0.3272	694047359.1106	-0.2198	756322755.8417	-0.2298	168811824.5413	-0.1605	2303239.4462	-0.0398
ARG_167	14.7998	0.0445	3.7225	0.0443	0.6211	0.0442	43.6888	0.0454	15.1189	0.0451	5.5011	0.0449	84.0695	0.0461	39.6605	0.0458	18.6315	0.0455	13.7211	0.0403	63.9691	0.0403	84.9457	0.0393	44.5726	0.04	147.0134	0.0395	144.3322	0.0378	67.6279	0.0395	157.417	0.0382	256.8319	0.0365	1.8292	0.0433	35.1069	0.0435	68.7276	0.0419	13.4852	0.0432	121.5221	0.0428	139.2797	0.0401	28.7004	0.0425	137.5934	0.041	312.5381	0.0383
ARG_168	4.1352	0.0427	0.0901	0.0425	-1.1656	0.0424	11.5272	0.0434	3.4502	0.0432	0.2813	0.043	20.0756	0.0439	9.5969	0.0437	3.9687	0.0436	0.9432	0.0384	7.4436	0.0382	12.5621	0.0373	3.9035	0.0381	12.6559	0.0375	22.1364	0.0366	8.2684	0.0382	23.5314	0.0375	61.9429	0.0371	-0.6436	0.0414	4.772	0.0412	11.2399	0.0398	0.7863	0.0412	10.6591	0.0405	22.3168	0.0388	3.25	0.0409	21.4556	0.0401	80.4917	0.0391
ARG_169	1.1882	0.0411	-0.952	0.041	-1.5509	0.0409	3.5204	0.0417	0.14	0.0415	-1.1372	0.0414	6.2258	0.0421	2.0683	0.042	0.0079	0.0419	-1.5027	0.0371	-0.6491	0.0368	1.0086	0.0363	-1.1464	0.037	0.0981	0.0366	3.762	0.0362	0.2703	0.0375	3.4993	0.0372	14.5005	0.0372	-1.1986	0.0399	-0.5686	0.0397	1.0507	0.0387	-1.2572	0.0398	0.0455	0.0393	4.1705	0.0384	-0.8406	0.0399	3.338	0.0396	19.2472	0.0393
ARG_170	-0.354	0.0419	-1.3769	0.0418	-1.6167	0.0417	0.7175	0.0424	-0.8776	0.0422	-1.4396	0.0422	2.224	0.0427	0.0315	0.0427	-0.9562	0.0426	1.6897	0.0381	8.1125	0.0377	11.2473	0.0368	6.2377	0.0379	15.8843	0.0373	24.4643	0.0364	11.3998	0.0378	29.5701	0.0372	73.1028	0.0369	-0.3537	0.0408	5.2963	0.0405	9.5738	0.0389	2.0891	0.0407	13.9206	0.0399	24.2113	0.0381	5.8902	0.0404	27.4071	0.0395	91.8747	0.0385
ARG_171	-0.4643	0.0404	-1.4415	0.0403	-1.6491	0.0402	0.0073	0.0408	-1.297	0.0407	-1.696	0.0407	1.0	0.0411	-0.8683	0.0411	-1.5739	0.0411	-1.2959	0.0367	-0.3882	0.0363	0.9765	0.0358	-0.831	0.0366	0.6779	0.0362	4.3383	0.0358	0.527	0.037	4.5627	0.0367	15.6345	0.0368	-1.1289	0.0393	-0.409	0.0389	0.8773	0.0378	-1.059	0.0392	0.5213	0.0386	4.6193	0.0376	-0.4115	0.0393	4.3799	0.0388	19.986	0.0385
ARG_172	-0.3318	0.0392	-1.328	0.0391	-1.5145	0.0391	0.0008	0.0396	-1.2573	0.0395	-1.5955	0.0395	1.002	0.0398	-0.9021	0.0398	-1.5399	0.0398	-1.5577	0.0357	-1.4619	0.0355	-0.5211	0.0352	-1.5247	0.0358	-1.2374	0.0356	1.4933	0.0354	-1.1517	0.0363	-0.1808	0.0362	5.8417	0.0363	-1.1279	0.0382	-1.1544	0.0379	-0.4578	0.0371	-1.3442	0.0381	-1.0689	0.0378	1.9058	0.0372	-1.3999	0.0384	-0.13	0.0382	7.6665	0.038
ARG_173	-1.0381	0.0394	-1.485	0.0394	-1.5526	0.0393	-0.8591	0.0398	-1.5082	0.0397	-1.6819	0.0397	-0.0051	0.0401	-1.2894	0.0401	-1.7202	0.0401	-1.137	0.0361	-0.3638	0.0357	0.4481	0.0351	-0.5905	0.036	0.8094	0.0356	3.413	0.0352	0.7411	0.0362	4.6409	0.036	13.0993	0.036	-1.0449	0.0385	-0.395	0.038	0.3196	0.0367	-0.8521	0.0384	0.6914	0.0377	3.5657	0.0366	-0.0475	0.0385	4.5772	0.0379	16.474	0.0373
ARG_174	-0.7449	0.0382	-1.3011	0.0382	-1.3936	0.0382	-0.5282	0.0386	-1.3043	0.0386	-1.5072	0.0385	0.5245	0.0389	-1.0219	0.0389	-1.5159	0.0389	-1.4665	0.0351	-1.3883	0.0348	-0.6604	0.0344	-1.4915	0.0351	-1.2153	0.0348	0.7571	0.0347	-1.2398	0.0355	-0.3244	0.0354	3.6147	0.0355	-1.0804	0.0374	-1.1209	0.037	-0.5996	0.0361	-1.2845	0.0373	-1.0579	0.0369	1.0791	0.0361	-1.319	0.0376	-0.2161	0.0372	4.82	0.0369
ARG_175	-0.6934	0.0373	-1.1972	0.0374	-1.2684	0.0373	-0.4536	0.0377	-1.1835	0.0376	-1.3597	0.0376	0.6389	0.0379	-0.8775	0.0379	-1.3413	0.0379	-1.3681	0.0344	-1.2901	0.0342	0.0191	0.034	-1.4501	0.0345	-1.0818	0.0343	2.4017	0.0343	-1.4182	0.0348	-0.5954	0.0348	4.9717	0.0349	-0.9689	0.0366	-1.0556	0.0363	-0.0515	0.0357	-1.1918	0.0366	-1.003	0.0363	2.8625	0.0358	-1.3691	0.0369	-0.644	0.0367	6.0733	0.0364
