ARG	THR_0_Vdw	THR_0_Elec	THR_1_Vdw	THR_1_Elec	THR_2_Vdw	THR_2_Elec	THR_3_Vdw	THR_3_Elec	THR_4_Vdw	THR_4_Elec	THR_5_Vdw	THR_5_Elec
ARG_0	-0.4799	0.035	-0.4178	0.0316	-0.4783	0.0349	-0.5267	0.0378	-0.3281	0.0167	-0.1798	0.0389
ARG_1	-0.5017	0.0321	-0.4351	0.0291	-0.4999	0.032	-0.5621	0.0347	-0.3483	0.0215	-0.2055	0.0409
ARG_2	-0.5469	0.0355	-0.4759	0.0328	-0.545	0.0354	-0.6132	0.0379	-0.378	0.0281	-0.2435	0.0454
ARG_3	-0.7352	0.0427	-0.657	0.0404	-0.733	0.0426	-0.8104	0.0448	-0.5049	0.0385	-0.3923	0.0536
ARG_4	-0.485	0.0329	-0.419	0.0298	-0.4833	0.0328	-0.5404	0.0355	-0.3336	0.021	-0.1934	0.041
ARG_5	-0.5959	0.0389	-0.5215	0.0361	-0.594	0.0388	-0.6587	0.0413	-0.4118	0.0301	-0.2595	0.0476
ARG_6	-1.0014	0.0529	-0.9203	0.0507	-0.9995	0.0529	-1.0513	0.0547	-0.7077	0.0464	-0.5322	0.0604
ARG_7	-0.4426	0.033	-0.3842	0.0298	-0.4411	0.0329	-0.489	0.0356	-0.3038	0.0196	-0.1757	0.0403
ARG_8	-0.6332	0.0412	-0.5591	0.0383	-0.6314	0.0411	-0.6905	0.0436	-0.4353	0.0299	-0.2647	0.0486
ARG_9	-0.6426	0.0612	-1.0049	0.0591	-0.654	0.0611	-0.2652	0.0628	-0.9429	0.0532	-0.6646	0.0666
ARG_10	-0.1558	0.02	-0.1361	0.017	-0.1552	0.0199	-0.1763	0.0225	-0.1088	0.0077	-0.0718	0.0276
ARG_11	-0.162	0.0213	-0.1417	0.0182	-0.1614	0.0212	-0.1827	0.0239	-0.1133	0.008	-0.0743	0.0283
ARG_12	-0.1722	0.0228	-0.1511	0.0197	-0.1716	0.0228	-0.1933	0.0255	-0.1205	0.0081	-0.0782	0.0292
ARG_13	-0.1473	0.0192	-0.1286	0.0163	-0.1468	0.0191	-0.1672	0.0217	-0.103	0.0081	-0.0688	0.0273
ARG_14	-0.152	0.0204	-0.1329	0.0174	-0.1514	0.0203	-0.172	0.0229	-0.1063	0.0083	-0.0706	0.0278
ARG_15	-0.1591	0.0216	-0.1394	0.0185	-0.1586	0.0215	-0.1794	0.0242	-0.1114	0.008	-0.0733	0.0285
ARG_16	-0.1413	0.0187	-0.1234	0.0158	-0.1407	0.0186	-0.1605	0.0211	-0.0987	0.0087	-0.0667	0.0272
ARG_17	-0.1446	0.0196	-0.1264	0.0167	-0.1441	0.0196	-0.1639	0.0221	-0.1012	0.0086	-0.068	0.0275
ARG_18	-0.1494	0.0205	-0.1308	0.0175	-0.1489	0.0205	-0.1689	0.0231	-0.1046	0.0081	-0.0697	0.0279
ARG_19	-0.166	0.0196	-0.1452	0.0165	-0.1654	0.0196	-0.1874	0.0224	-0.116	0.0094	-0.0768	0.03
ARG_20	-0.1724	0.0209	-0.151	0.0177	-0.1718	0.0208	-0.1941	0.0236	-0.1204	0.0101	-0.0793	0.0308
ARG_21	-0.182	0.0223	-0.1596	0.0192	-0.1813	0.0223	-0.2042	0.0251	-0.1271	0.0108	-0.0829	0.0317
ARG_22	-0.1559	0.0195	-0.1364	0.0164	-0.1553	0.0194	-0.1764	0.0223	-0.1091	0.0105	-0.0735	0.0304
ARG_23	-0.1608	0.0208	-0.1408	0.0177	-0.1602	0.0207	-0.1815	0.0235	-0.1125	0.0111	-0.0754	0.031
ARG_24	-0.1677	0.0222	-0.1471	0.0191	-0.1671	0.0221	-0.1888	0.0249	-0.1174	0.0116	-0.078	0.0318
ARG_25	-0.1532	0.021	-0.1343	0.018	-0.1526	0.0209	-0.1731	0.0237	-0.1073	0.0122	-0.0732	0.0315
ARG_26	-0.1579	0.0223	-0.1386	0.0192	-0.1574	0.0222	-0.1781	0.0249	-0.1107	0.0124	-0.0749	0.032
ARG_27	-0.4733	0.0265	-0.4101	0.0232	-0.4716	0.0264	-0.5306	0.0294	-0.3291	0.0135	-0.188	0.0358
ARG_28	-0.4777	0.027	-0.4115	0.0238	-0.4759	0.0269	-0.5388	0.0298	-0.3297	0.0179	-0.1983	0.0385
ARG_29	-0.5427	0.0279	-0.4772	0.0247	-0.5409	0.0278	-0.5984	0.031	-0.3777	0.0228	-0.2488	0.044
ARG_30	-0.4379	0.0264	-0.3754	0.0231	-0.4362	0.0263	-0.4906	0.0292	-0.3001	0.0132	-0.1676	0.0356
ARG_31	-0.4742	0.029	-0.4098	0.0259	-0.4725	0.029	-0.5275	0.0318	-0.3275	0.0192	-0.1912	0.0401
ARG_32	-0.6063	0.0338	-0.5389	0.0309	-0.6045	0.0337	-0.6683	0.0367	-0.4244	0.0271	-0.2795	0.0488
ARG_33	-0.3741	0.0264	-0.3212	0.0231	-0.3727	0.0263	-0.4171	0.0291	-0.2555	0.0134	-0.1437	0.0354
ARG_34	-0.4388	0.0316	-0.3808	0.0286	-0.4373	0.0316	-0.4863	0.0343	-0.303	0.0212	-0.1759	0.0418
ARG_35	-0.695	0.0431	-0.6124	0.0408	-0.6928	0.043	-0.7714	0.0454	-0.4794	0.0346	-0.319	0.055
ARG_36	-0.5866	0.0393	-0.5198	0.0361	-0.5849	0.0393	-0.6394	0.0419	-0.4076	0.0248	-0.227	0.0437
ARG_37	-0.559	0.0398	-0.4884	0.0367	-0.5572	0.0397	-0.6183	0.0422	-0.386	0.028	-0.2232	0.045
ARG_38	-0.5835	0.0415	-0.5112	0.0387	-0.5816	0.0415	-0.6427	0.0439	-0.4054	0.0323	-0.2438	0.0477
ARG_39	-0.5107	0.0359	-0.4459	0.0323	-0.5091	0.0358	-0.5603	0.0387	-0.3496	0.0166	-0.19	0.0395
ARG_40	-0.5199	0.0373	-0.4535	0.0339	-0.5182	0.0372	-0.5703	0.04	-0.357	0.0203	-0.1985	0.0415
ARG_41	-0.5776	0.0401	-0.5109	0.0368	-0.576	0.04	-0.6245	0.0427	-0.4014	0.025	-0.2276	0.0448
ARG_42	-0.4101	0.032	-0.356	0.0283	-0.4088	0.0319	-0.4511	0.0349	-0.2795	0.0106	-0.1533	0.0357
ARG_43	-0.4398	0.0339	-0.3836	0.0304	-0.4385	0.0338	-0.4816	0.0367	-0.3016	0.0137	-0.1657	0.0377
ARG_44	-0.5106	0.0373	-0.4513	0.0338	-0.5092	0.0372	-0.5538	0.0401	-0.3528	0.0176	-0.1941	0.041
ARG_45	-0.5732	0.0331	-0.5024	0.0286	-0.5715	0.033	-0.6287	0.0369	-0.391	0.0047	-0.2136	0.039
ARG_46	-0.5123	0.0312	-0.4439	0.0271	-0.5106	0.0311	-0.5702	0.0345	-0.3519	0.0094	-0.2002	0.0379
ARG_47	-0.5019	0.0302	-0.4354	0.0264	-0.5001	0.0301	-0.5564	0.0333	-0.3476	0.0128	-0.2029	0.0379
ARG_48	-0.4689	0.0289	-0.4048	0.0246	-0.4672	0.0288	-0.5196	0.0325	-0.32	0.0035	-0.1753	0.0358
ARG_49	-0.4591	0.0283	-0.3963	0.0243	-0.4576	0.0282	-0.509	0.0315	-0.3156	0.0074	-0.1753	0.0356
ARG_50	-0.4708	0.0283	-0.4108	0.0246	-0.4693	0.0283	-0.5176	0.0314	-0.3277	0.0107	-0.184	0.0362
ARG_51	-0.3794	0.0256	-0.3266	0.0215	-0.3781	0.0255	-0.4214	0.029	-0.259	0.0038	-0.1434	0.0334
ARG_52	-0.3898	0.0258	-0.3363	0.0219	-0.3884	0.0257	-0.4325	0.0289	-0.2676	0.0067	-0.1478	0.0337
ARG_53	-0.4132	0.0266	-0.3583	0.0229	-0.4118	0.0265	-0.4583	0.0297	-0.2853	0.0094	-0.1578	0.0348
ARG_54	-0.6398	0.042	-0.5675	0.0389	-0.638	0.0419	-0.6988	0.0446	-0.4458	0.0282	-0.2626	0.0476
ARG_55	-0.6559	0.0436	-0.5792	0.0409	-0.6539	0.0436	-0.7222	0.046	-0.4559	0.0327	-0.2843	0.0503
ARG_56	-0.7508	0.0479	-0.6677	0.0455	-0.7486	0.0478	-0.8244	0.0501	-0.5231	0.0391	-0.3538	0.0553
ARG_57	-0.5978	0.0405	-0.5279	0.0372	-0.5962	0.0404	-0.6483	0.0433	-0.41	0.0228	-0.229	0.0447
ARG_58	-0.6886	0.0449	-0.6126	0.0418	-0.6868	0.0448	-0.7411	0.0474	-0.4734	0.0303	-0.2726	0.0495
ARG_59	-0.9223	0.0528	-0.8395	0.0502	-0.9205	0.0527	-0.9709	0.055	-0.6422	0.0414	-0.3833	0.0577
ARG_60	-0.4771	0.0373	-0.4215	0.0337	-0.4758	0.0372	-0.5152	0.0401	-0.3258	0.0176	-0.1798	0.041
ARG_61	-0.6018	0.0424	-0.5397	0.039	-0.6005	0.0424	-0.6383	0.0452	-0.409	0.0246	-0.2229	0.0458
ARG_62	-0.8749	0.0501	-0.8173	0.0466	-0.8737	0.05	-0.9075	0.053	-0.614	0.0354	-0.324	0.053
ARG_63	-0.1676	0.0227	-0.1471	0.0193	-0.167	0.0226	-0.1883	0.0255	-0.1173	0.0064	-0.0766	0.0295
ARG_64	-0.1777	0.0236	-0.1565	0.0201	-0.1771	0.0235	-0.1985	0.0266	-0.1243	0.0051	-0.0803	0.03
ARG_65	-0.1912	0.0242	-0.1689	0.0204	-0.1906	0.0241	-0.2124	0.0273	-0.1335	0.0035	-0.085	0.0305
ARG_66	-0.1536	0.0209	-0.1345	0.0177	-0.1531	0.0209	-0.1735	0.0237	-0.1076	0.0066	-0.0714	0.0285
ARG_67	-0.1596	0.0216	-0.14	0.0181	-0.1591	0.0215	-0.1797	0.0244	-0.1118	0.0055	-0.0737	0.0289
ARG_68	-0.1673	0.0218	-0.147	0.0183	-0.1667	0.0218	-0.1877	0.0248	-0.1171	0.0044	-0.0764	0.0291
ARG_69	-0.1443	0.0196	-0.1263	0.0164	-0.1438	0.0195	-0.1635	0.0223	-0.101	0.007	-0.0681	0.0279
ARG_70	-0.1479	0.02	-0.1296	0.0167	-0.1474	0.0199	-0.1672	0.0227	-0.1036	0.0062	-0.0694	0.0281
ARG_71	-0.1523	0.0201	-0.1335	0.0167	-0.1517	0.02	-0.1717	0.0229	-0.1066	0.0053	-0.0709	0.0282
ARG_72	-0.5041	0.029	-0.4397	0.0249	-0.5024	0.0289	-0.5603	0.0323	-0.3508	0.0065	-0.1971	0.036
ARG_73	-0.4708	0.0278	-0.405	0.0243	-0.469	0.0277	-0.5308	0.0307	-0.3245	0.012	-0.1892	0.0356
ARG_74	-0.4815	0.0279	-0.4172	0.0247	-0.4798	0.0278	-0.5362	0.0306	-0.3345	0.0165	-0.2014	0.037
ARG_75	-0.4318	0.0257	-0.3702	0.0218	-0.4302	0.0256	-0.4828	0.0289	-0.2952	0.0062	-0.1622	0.0334
ARG_76	-0.4369	0.0263	-0.3755	0.0229	-0.4354	0.0262	-0.4869	0.0292	-0.3004	0.011	-0.1677	0.0342
ARG_77	-0.47	0.0285	-0.4117	0.0253	-0.4686	0.0284	-0.5176	0.0312	-0.3292	0.0161	-0.1871	0.0371
ARG_78	-0.3363	0.0231	-0.2886	0.0194	-0.3351	0.023	-0.375	0.0261	-0.2291	0.0061	-0.1283	0.0313
ARG_79	-0.3596	0.0248	-0.3096	0.0214	-0.3584	0.0247	-0.4001	0.0276	-0.2465	0.01	-0.1371	0.0328
ARG_80	-0.409	0.0285	-0.3539	0.0253	-0.4076	0.0284	-0.4542	0.0312	-0.2809	0.0154	-0.1578	0.0365
ARG_81	-0.1715	0.0249	-0.1506	0.0218	-0.1709	0.0248	-0.193	0.0275	-0.1203	0.0136	-0.0801	0.0335
ARG_82	-0.211	0.0308	-0.1871	0.0274	-0.2103	0.0307	-0.2333	0.0336	-0.148	0.0153	-0.0955	0.0377
ARG_83	-0.3549	0.0377	-0.3231	0.0334	-0.3542	0.0375	-0.3736	0.0412	-0.2412	0.0106	-0.1385	0.0425
ARG_84	-0.1621	0.0246	-0.1423	0.0216	-0.1615	0.0246	-0.1827	0.0273	-0.1138	0.0135	-0.0768	0.0332
ARG_85	-0.1911	0.0291	-0.1693	0.0257	-0.1905	0.029	-0.2121	0.0319	-0.1342	0.0129	-0.0877	0.0359
ARG_86	-0.2662	0.0331	-0.2402	0.0289	-0.2656	0.033	-0.2856	0.0366	-0.1836	0.0066	-0.1104	0.038
ARG_87	-0.1557	0.0244	-0.137	0.0214	-0.1552	0.0243	-0.1756	0.027	-0.1094	0.0135	-0.0749	0.0331
ARG_88	-0.1747	0.0273	-0.1546	0.0239	-0.1741	0.0272	-0.1946	0.0302	-0.1227	0.0113	-0.0814	0.0342
ARG_89	-0.2092	0.0292	-0.187	0.0252	-0.2087	0.0291	-0.2287	0.0325	-0.1459	0.0056	-0.0919	0.0348
ARG_90	-0.1571	0.019	-0.1373	0.016	-0.1565	0.019	-0.1778	0.0217	-0.1098	0.0072	-0.0724	0.0273
ARG_91	-0.1643	0.0204	-0.1438	0.0173	-0.1637	0.0203	-0.1853	0.023	-0.1148	0.0074	-0.0751	0.028
ARG_92	-0.1776	0.0219	-0.1558	0.0187	-0.177	0.0219	-0.1991	0.0246	-0.1239	0.0072	-0.0798	0.0289
ARG_93	-0.1523	0.0194	-0.1331	0.0164	-0.1517	0.0193	-0.1723	0.0219	-0.1065	0.0079	-0.0707	0.0276
ARG_94	-0.1606	0.0206	-0.1406	0.0175	-0.1601	0.0205	-0.181	0.0232	-0.1123	0.0075	-0.0737	0.0282
ARG_95	-0.1438	0.0186	-0.1257	0.0157	-0.1433	0.0185	-0.163	0.0212	-0.1005	0.0085	-0.0678	0.0274
ARG_96	-0.1488	0.0196	-0.1302	0.0166	-0.1483	0.0195	-0.1682	0.0222	-0.1041	0.008	-0.0695	0.0277
ARG_97	-0.8218	0.0402	-0.7524	0.0363	-0.8204	0.0401	-0.8578	0.0431	-0.5556	0.016	-0.2946	0.0417
ARG_98	-0.6727	0.0387	-0.6001	0.0355	-0.6709	0.0387	-0.7254	0.0414	-0.4609	0.0216	-0.2606	0.0424
ARG_99	-0.6525	0.0399	-0.579	0.0371	-0.6507	0.0398	-0.7074	0.0423	-0.4522	0.0274	-0.2671	0.045
ARG_100	-0.6066	0.0352	-0.5406	0.0314	-0.6051	0.0351	-0.6492	0.0382	-0.4107	0.0114	-0.2182	0.0376
ARG_101	-0.5769	0.0358	-0.5101	0.0324	-0.5754	0.0358	-0.6229	0.0386	-0.3946	0.0171	-0.2158	0.0393
ARG_102	-0.6139	0.0387	-0.5478	0.0356	-0.6124	0.0387	-0.6575	0.0413	-0.4253	0.0238	-0.2365	0.0428
ARG_103	-0.4377	0.0306	-0.3838	0.0269	-0.4364	0.0306	-0.4762	0.0336	-0.2978	0.0084	-0.1622	0.0343
ARG_104	-0.4549	0.0323	-0.3992	0.0287	-0.4536	0.0322	-0.4949	0.0351	-0.3115	0.0126	-0.1696	0.0361
ARG_105	-0.5123	0.0356	-0.4529	0.0322	-0.5109	0.0355	-0.555	0.0383	-0.352	0.0175	-0.191	0.0393
ARG_106	-0.4787	0.0267	-0.4128	0.0228	-0.4769	0.0266	-0.5363	0.0298	-0.3303	0.0078	-0.1849	0.0346
ARG_107	-0.4666	0.0262	-0.4005	0.0227	-0.4648	0.0262	-0.5249	0.0292	-0.3209	0.0112	-0.1838	0.0348
ARG_108	-0.4743	0.0263	-0.409	0.023	-0.4726	0.0262	-0.5295	0.0292	-0.328	0.014	-0.1915	0.0358
ARG_109	-0.4277	0.0249	-0.3663	0.0211	-0.4262	0.0248	-0.4787	0.0279	-0.2923	0.0076	-0.1616	0.0332
ARG_110	-0.4332	0.0252	-0.3718	0.0218	-0.4316	0.0252	-0.4836	0.0282	-0.2974	0.0106	-0.1661	0.034
ARG_111	-0.4521	0.0262	-0.3924	0.0229	-0.4506	0.0261	-0.4996	0.0291	-0.3138	0.0136	-0.1772	0.0357
ARG_112	-0.3627	0.0233	-0.3109	0.0197	-0.3613	0.0232	-0.4047	0.0263	-0.2473	0.0076	-0.1378	0.0321
ARG_113	-0.3782	0.0244	-0.3252	0.021	-0.3769	0.0243	-0.4211	0.0273	-0.2592	0.0103	-0.1443	0.0334
ARG_114	-0.4043	0.0261	-0.35	0.0229	-0.4029	0.0261	-0.4492	0.029	-0.279	0.0134	-0.1561	0.0356
ARG_115	688.5409	0.0627	340.4113	0.0593	663.335	0.0628	1404.6162	0.0596	21.6732	0.0095	-1.3618	0.0487
ARG_116	-1.2103	0.0518	-1.2993	0.0466	-1.2087	0.0516	-1.3564	0.0555	-1.6421	0.0125	-0.849	0.048
ARG_117	-1.4342	0.0459	-1.3504	0.0417	-1.4331	0.0458	-1.4404	0.0492	-0.9531	0.019	-0.4597	0.046
ARG_118	-1.7143	0.0446	-1.6962	0.0385	-1.7158	0.0444	-1.647	0.0491	-1.3879	-0.0029	-0.6424	0.0419
ARG_119	-1.191	0.0398	-1.0985	0.0348	-1.1896	0.0397	-1.2108	0.0437	-0.774	0.0044	-0.3637	0.0399
ARG_120	-0.7794	0.0372	-0.7071	0.0327	-0.7781	0.0371	-0.81	0.0406	-0.5222	0.0086	-0.2625	0.0388
ARG_121	-0.8107	0.0333	-0.7278	0.028	-0.809	0.0332	-0.8495	0.0374	-0.5313	-0.0031	-0.2609	0.036
ARG_122	-0.5595	0.0311	-0.4953	0.0265	-0.5581	0.031	-0.5988	0.0347	-0.376	0.0009	-0.1944	0.0344
ARG_123	-0.4563	0.03	-0.4012	0.0258	-0.455	0.0299	-0.4957	0.0333	-0.3116	0.0035	-0.1651	0.0337
ARG_124	-0.4699	0.0263	-0.4059	0.0228	-0.4682	0.0262	-0.5273	0.0293	-0.3256	0.0133	-0.1845	0.0365
ARG_125	-0.4726	0.0272	-0.4063	0.024	-0.4708	0.0272	-0.5325	0.0301	-0.3255	0.0171	-0.1912	0.0386
ARG_126	-0.432	0.0263	-0.3702	0.0229	-0.4304	0.0263	-0.4839	0.0293	-0.2957	0.0133	-0.1653	0.0364
ARG_127	-0.4546	0.0287	-0.3912	0.0255	-0.453	0.0286	-0.5075	0.0315	-0.3126	0.0182	-0.1801	0.0396
ARG_128	-0.5153	0.0328	-0.4509	0.0299	-0.5137	0.0327	-0.5692	0.0356	-0.3583	0.0249	-0.2178	0.0453
ARG_129	-0.3738	0.0263	-0.321	0.023	-0.3725	0.0263	-0.4169	0.0292	-0.2552	0.0136	-0.1443	0.0362
ARG_130	-0.4139	0.0302	-0.3576	0.027	-0.4124	0.0301	-0.4599	0.033	-0.2845	0.0194	-0.1641	0.0406
ARG_131	-0.5104	0.0371	-0.4463	0.0343	-0.5087	0.0371	-0.566	0.0398	-0.353	0.029	-0.2159	0.0484
ARG_132	-0.1928	0.0261	-0.1705	0.023	-0.1921	0.026	-0.2144	0.0287	-0.1354	0.0129	-0.0885	0.033
ARG_133	-0.2511	0.0306	-0.2251	0.0273	-0.2504	0.0305	-0.2725	0.0334	-0.1747	0.0141	-0.1083	0.0359
ARG_134	-0.4049	0.0359	-0.3714	0.032	-0.4042	0.0358	-0.4205	0.039	-0.2709	0.0134	-0.1492	0.039
ARG_135	-0.1768	0.0252	-0.1561	0.0222	-0.1762	0.0252	-0.1975	0.0278	-0.1243	0.0127	-0.0823	0.0324
ARG_136	-0.2119	0.0285	-0.189	0.0252	-0.2113	0.0284	-0.2325	0.0313	-0.1481	0.0124	-0.094	0.0342
ARG_137	-0.2781	0.0315	-0.2513	0.0276	-0.2775	0.0314	-0.2972	0.0346	-0.1904	0.0092	-0.1126	0.0357
ARG_138	-0.1647	0.0245	-0.1453	0.0215	-0.1642	0.0244	-0.1846	0.0271	-0.1158	0.0125	-0.0778	0.032
ARG_139	-0.1837	0.0265	-0.163	0.0232	-0.1831	0.0264	-0.2035	0.0292	-0.1288	0.0109	-0.0839	0.0327
ARG_140	-0.21	0.0278	-0.1874	0.024	-0.2094	0.0277	-0.2298	0.0309	-0.146	0.007	-0.0917	0.0332
ARG_141	-0.1732	0.021	-0.1517	0.018	-0.1725	0.0209	-0.1949	0.0236	-0.121	0.0101	-0.0797	0.0298
ARG_142	-0.206	0.0252	-0.1817	0.0221	-0.2054	0.0252	-0.229	0.0279	-0.144	0.0117	-0.0925	0.0325
ARG_143	-0.1588	0.0205	-0.1392	0.0176	-0.1583	0.0204	-0.1794	0.0231	-0.1113	0.0109	-0.0749	0.0298
ARG_144	-0.1811	0.0241	-0.1595	0.021	-0.1804	0.024	-0.2023	0.0267	-0.127	0.0114	-0.0835	0.0316
ARG_145	-0.1644	0.0232	-0.1449	0.0203	-0.1638	0.0232	-0.1843	0.0258	-0.1155	0.0117	-0.0776	0.0311
ARG_146	-1.0256	0.0366	-1.0547	0.0304	-1.0251	0.0365	-1.1143	0.0417	-0.8269	-0.0146	-0.415	0.0433
ARG_147	-0.7587	0.0315	-0.6624	0.0268	-0.7564	0.0314	-0.8239	0.0353	-0.5121	0.0016	-0.2674	0.0381
ARG_148	-0.8881	0.0327	-0.9849	0.0252	-0.8894	0.0326	-0.9937	0.0383	-0.8134	-0.0227	-0.4037	0.0438
ARG_149	-0.7256	0.0286	-0.6294	0.0233	-0.7233	0.0285	-0.7902	0.0329	-0.4881	-0.0058	-0.2448	0.037
ARG_150	-0.5363	0.0265	-0.4697	0.0221	-0.5348	0.0264	-0.5814	0.03	-0.3693	0.0022	-0.1961	0.0343
ARG_151	-0.6152	0.0255	-0.5306	0.0195	-0.6132	0.0254	-0.6748	0.0303	-0.4135	-0.0093	-0.2121	0.0369
ARG_152	-0.4418	0.0235	-0.3808	0.0188	-0.4404	0.0234	-0.4872	0.0273	-0.3	-0.0012	-0.1602	0.033
ARG_153	-0.3811	0.0229	-0.3292	0.0189	-0.3798	0.0229	-0.4232	0.0262	-0.2617	0.0034	-0.1416	0.0317
ARG_154	7324915.2669	0.0808	42338.2093	0.0966	6145988.0637	0.0827	30002359417.1523	-0.1392	43779.1434	-1.0553	567.8419	0.1354
ARG_155	1067143.0246	0.0923	2080773.608	-0.0052	1061055.115	0.0912	677354.1871	0.0807	105033.2629	-0.1626	633.1586	0.0973
ARG_156	2940.2634	0.0891	2801.962	0.0371	2883.3886	0.0881	3731.3511	0.0907	265.8023	-0.0463	2.6523	0.0566
ARG_157	211806.6972	0.0936	561835.5254	-0.0829	218266.3205	0.0915	123763.6051	0.0743	20923.1071	-0.1275	165.5963	0.0738
ARG_158	2631.8925	0.0967	2690.2591	0.0438	2460.1576	0.0956	5197.2588	0.0942	97.3547	-0.0535	0.5036	0.0497
ARG_159	2.4754	0.0518	4.559	0.0423	2.4485	0.0516	6.0106	0.0562	-0.7844	-0.0153	-0.632	0.0421
ARG_160	114.5991	0.0679	263.3928	0.0461	113.1348	0.0676	351.576	0.0688	11.7594	-0.0547	-0.6331	0.0474
ARG_161	-0.5678	0.0445	0.1254	0.0362	-0.5672	0.0443	0.0755	0.0494	-0.8901	-0.0208	-0.4652	0.0402
ARG_162	-0.901	0.0366	-0.8284	0.0308	-0.8998	0.0365	-0.9172	0.0409	-0.589	-0.0074	-0.283	0.0367
ARG_163	1.5725	0.0375	-0.7466	0.0306	1.4924	0.0373	2.8819	0.0424	-0.6544	-0.0037	-0.5311	0.0461
ARG_164	-0.8545	0.0344	-0.8434	0.0292	-0.8528	0.0343	-0.9652	0.0383	-0.6866	0.0027	-0.3472	0.0418
ARG_165	-0.7407	0.0321	-0.6441	0.0278	-0.7384	0.032	-0.8073	0.0355	-0.5012	0.0084	-0.2612	0.0393
ARG_166	-0.7129	0.0317	-0.8028	0.0257	-0.7136	0.0316	-0.8358	0.0362	-0.6765	-0.0057	-0.3369	0.0403
ARG_167	-0.7222	0.0298	-0.6258	0.025	-0.7199	0.0297	-0.7894	0.0336	-0.4876	0.0011	-0.2442	0.0374
ARG_168	-0.5681	0.0288	-0.496	0.0246	-0.5665	0.0287	-0.6159	0.0321	-0.3891	0.0061	-0.2058	0.036
ARG_169	-0.6447	0.0269	-0.5569	0.0216	-0.6426	0.0268	-0.7098	0.031	-0.4355	-0.0036	-0.2182	0.036
ARG_170	-0.4987	0.026	-0.4299	0.0215	-0.497	0.0259	-0.548	0.0296	-0.3377	0.0013	-0.1771	0.034
ARG_171	-0.4323	0.0258	-0.3757	0.0218	-0.4309	0.0257	-0.4768	0.029	-0.2981	0.005	-0.1597	0.0333
ARG_172	10.6746	0.0675	2.9461	0.0605	10.456	0.0673	14.6699	0.0719	0.5537	0.0766	-0.9824	0.0692
ARG_173	-1.3085	0.0547	-1.3926	0.05	-1.3092	0.0546	-1.3516	0.0588	-1.1163	0.0307	-0.5629	0.0583
ARG_174	-1.0927	0.0478	-0.9926	0.0435	-1.0909	0.0477	-1.1327	0.0515	-0.73	0.0211	-0.3667	0.0506
ARG_175	-1.1087	0.049	-1.1999	0.0433	-1.1093	0.0488	-1.1676	0.0545	-1.0968	0.0026	-0.5431	0.0512
ARG_176	-1.0958	0.0441	-0.9923	0.0389	-1.0939	0.044	-1.1345	0.0488	-0.7216	0.0014	-0.3405	0.0451
ARG_177	-0.7553	0.0404	-0.6822	0.0358	-0.754	0.0403	-0.7889	0.0441	-0.5105	0.0075	-0.2603	0.0421
ARG_178	-0.9343	0.0394	-0.8355	0.0338	-0.9323	0.0392	-0.9835	0.0442	-0.6142	-0.0076	-0.2892	0.0408
ARG_179	-0.6335	0.0359	-0.5615	0.031	-0.6319	0.0357	-0.6748	0.0399	-0.4233	-0.0015	-0.2142	0.0379
ARG_180	-0.5109	0.034	-0.4526	0.0296	-0.5095	0.0339	-0.5514	0.0374	-0.3498	0.0042	-0.1837	0.0368
ARG_181	-0.2449	0.0268	-0.2175	0.0227	-0.2442	0.0267	-0.2672	0.0301	-0.1688	0.0009	-0.1011	0.0313
ARG_182	-0.2573	0.0251	-0.2277	0.0206	-0.2565	0.025	-0.281	0.0287	-0.177	-0.0029	-0.1056	0.031
ARG_183	-0.2303	0.0216	-0.2024	0.0171	-0.2296	0.0215	-0.2549	0.0253	-0.1597	-0.0018	-0.0988	0.0302
ARG_184	-0.1842	0.0227	-0.1622	0.0189	-0.1836	0.0226	-0.205	0.0258	-0.1284	0.0023	-0.0817	0.029
ARG_185	-0.1867	0.0211	-0.1641	0.0171	-0.1861	0.021	-0.2082	0.0244	-0.1302	0.0004	-0.0832	0.0289
ARG_186	-0.1765	0.0187	-0.1546	0.0146	-0.1759	0.0186	-0.1982	0.0221	-0.1234	0.0011	-0.0806	0.0284
ARG_187	-0.155	0.0198	-0.136	0.0163	-0.1544	0.0198	-0.1744	0.0228	-0.1084	0.0037	-0.0717	0.0275
ARG_188	-0.4951	0.0357	-0.4536	0.0317	-0.4943	0.0356	-0.5123	0.0389	-0.33	0.0104	-0.1779	0.0388
ARG_189	-1.1032	0.0418	-1.04	0.0363	-1.1027	0.0417	-1.0869	0.0458	-0.7126	0.002	-0.3267	0.0404
ARG_190	-0.6528	0.0403	-0.2007	0.0331	-0.652	0.0401	-0.2669	0.0456	-0.7749	-0.0121	-0.399	0.0406
ARG_191	-0.2925	0.0302	-0.2642	0.0263	-0.2919	0.0301	-0.3124	0.0332	-0.2009	0.008	-0.1184	0.0345
ARG_192	-0.4154	0.0315	-0.38	0.0269	-0.4147	0.0314	-0.4323	0.0352	-0.2762	0.0013	-0.1502	0.0349
ARG_193	-0.4088	0.0288	-0.3685	0.0234	-0.4079	0.0286	-0.433	0.0332	-0.2743	-0.0064	-0.1542	0.0348
ARG_194	-0.2013	0.0259	-0.1795	0.0223	-0.2007	0.0258	-0.2208	0.0288	-0.1405	0.0072	-0.0894	0.0318
ARG_195	-0.1731	0.0217	-0.1518	0.0186	-0.1725	0.0216	-0.195	0.0243	-0.1211	0.012	-0.0812	0.0317
ARG_196	-0.1837	0.0238	-0.1614	0.0208	-0.183	0.0238	-0.2062	0.0265	-0.1286	0.0133	-0.086	0.0332
ARG_197	-0.202	0.0265	-0.1781	0.0234	-0.2013	0.0264	-0.2256	0.0292	-0.1415	0.0149	-0.0937	0.0352
ARG_198	-0.1742	0.0241	-0.1533	0.0211	-0.1736	0.024	-0.1959	0.0267	-0.1223	0.0141	-0.0833	0.0335
ARG_199	-0.1904	0.0265	-0.168	0.0235	-0.1898	0.0264	-0.2129	0.0292	-0.1337	0.015	-0.0898	0.0351
ARG_200	-0.1698	0.0245	-0.1497	0.0216	-0.1692	0.0245	-0.1908	0.0271	-0.1193	0.0149	-0.0826	0.0339
ARG_201	-0.1829	0.0264	-0.1617	0.0234	-0.1823	0.0264	-0.2044	0.0291	-0.1286	0.015	-0.0872	0.0348
ARG_202	-0.3379	0.034	-0.2997	0.03	-0.337	0.0339	-0.3649	0.0373	-0.2306	0.0135	-0.1325	0.0411
ARG_203	-0.4809	0.0381	-0.4319	0.0333	-0.4799	0.038	-0.5057	0.042	-0.3198	0.0073	-0.1691	0.0447
ARG_204	-0.7049	0.0404	-0.6462	0.0342	-0.7039	0.0402	-0.7189	0.0457	-0.4522	-0.0117	-0.2186	0.0465
ARG_205	-0.2538	0.0309	-0.2253	0.0269	-0.2531	0.0308	-0.2769	0.0342	-0.1755	0.0095	-0.1064	0.0378
ARG_206	-0.3093	0.0329	-0.2768	0.0282	-0.3086	0.0328	-0.3319	0.0367	-0.2108	0.0023	-0.1217	0.0391
ARG_207	-0.3656	0.0333	-0.3295	0.0276	-0.3648	0.0331	-0.3872	0.0378	-0.2449	-0.0081	-0.1363	0.0394
ARG_208	-0.2021	0.0279	-0.179	0.024	-0.2015	0.0278	-0.2231	0.0311	-0.141	0.0074	-0.0896	0.0349
ARG_209	-0.2211	0.0284	-0.1965	0.0239	-0.2204	0.0283	-0.2422	0.032	-0.1534	0.0019	-0.0954	0.0351
ARG_210	-0.2338	0.0277	-0.208	0.0227	-0.2331	0.0276	-0.2553	0.0318	-0.1616	-0.0036	-0.0998	0.035
ARG_211	11.8827	0.0529	13.4281	0.0366	12.0237	0.0527	8.9819	0.0579	-0.2309	-0.0878	-1.0433	0.068
ARG_212	-1.2856	0.042	-1.1559	0.0345	-1.2829	0.0418	-1.3397	0.0474	-0.8603	-0.0325	-0.4072	0.0479
ARG_213	-1.3237	0.0397	-1.1864	0.0297	-1.3195	0.0395	-1.4373	0.0457	-0.9405	-0.0441	-0.4486	0.0512
ARG_214	-0.712	0.033	-0.6327	0.0265	-0.7104	0.0328	-0.7589	0.0378	-0.4842	-0.0154	-0.2475	0.0404
ARG_215	-0.6981	0.031	-0.6102	0.0234	-0.6962	0.0309	-0.7535	0.0365	-0.47	-0.022	-0.2417	0.042
ARG_216	-0.4658	0.027	-0.4056	0.0215	-0.4643	0.0269	-0.5118	0.0313	-0.3195	-0.0072	-0.1707	0.0356
ARG_217	-0.5376	0.0305	-0.478	0.0276	-0.5361	0.0304	-0.5901	0.033	-0.3806	0.0222	-0.2395	0.0412
ARG_218	-1.0296	0.0422	-0.9333	0.0407	-1.0268	0.0422	-1.1124	0.044	-0.6958	0.0374	-0.5834	0.0568
ARG_219	-0.5955	0.0345	-0.5184	0.0317	-0.5934	0.0345	-0.6661	0.037	-0.4125	0.025	-0.2447	0.0438
ARG_220	-0.8917	0.0444	-0.7855	0.0421	-0.8889	0.0443	-0.9787	0.0466	-0.6143	0.0375	-0.4043	0.0539
ARG_221	-1.5517	0.0699	-1.6081	0.072	-1.5576	0.0699	-1.0972	0.0696	-1.1307	0.0652	-1.0021	0.0731
ARG_222	-0.5889	0.0369	-0.5108	0.0339	-0.587	0.0369	-0.65	0.0395	-0.4014	0.0258	-0.2308	0.0448
ARG_223	-1.073	0.0508	-0.9795	0.0476	-1.0713	0.0507	-1.0967	0.0534	-0.7497	0.0454	-0.4627	0.0584
ARG_224	158.4262	0.09	20.3744	0.0756	151.284	0.0896	443.8446	0.0974	0.3199	0.1503	-1.2575	0.0864
ARG_225	-0.2338	0.0248	-0.2055	0.0211	-0.2331	0.0248	-0.2577	0.0279	-0.161	0.0046	-0.0971	0.031
ARG_226	-0.251	0.0255	-0.2207	0.0214	-0.2502	0.0254	-0.2758	0.0287	-0.1725	0.0028	-0.1029	0.0317
ARG_227	-0.2465	0.0253	-0.2171	0.0209	-0.2457	0.0252	-0.2711	0.0288	-0.1699	0.0002	-0.1028	0.0317
ARG_228	-0.1799	0.022	-0.1578	0.0185	-0.1793	0.0219	-0.2011	0.0249	-0.1253	0.0052	-0.0801	0.0291
ARG_229	-0.1851	0.0221	-0.1623	0.0183	-0.1844	0.022	-0.2067	0.0251	-0.1289	0.0036	-0.0823	0.0294
ARG_230	-0.1818	0.0214	-0.1595	0.0175	-0.1812	0.0213	-0.2035	0.0247	-0.1269	0.0019	-0.082	0.0293
ARG_231	-0.153	0.0199	-0.134	0.0166	-0.1524	0.0198	-0.1725	0.0226	-0.1069	0.006	-0.071	0.0279
ARG_232	-0.6971	0.0452	-0.6256	0.0427	-0.6953	0.0451	-0.757	0.0474	-0.4931	0.0401	-0.3396	0.0538
ARG_233	-0.9779	0.0508	-0.8861	0.0486	-0.9753	0.0508	-1.0737	0.053	-0.6855	0.0476	-0.541	0.0609
ARG_234	-1.7916	0.061	-1.6809	0.0586	-1.7889	0.0609	-1.8525	0.0634	-1.253	0.0592	-1.1895	0.0733
ARG_235	-0.9598	0.0492	-0.8636	0.0463	-0.9576	0.0492	-1.0249	0.0517	-0.6595	0.0335	-0.3802	0.0532
ARG_236	-1.6137	0.0651	-1.6282	0.0631	-1.6143	0.065	-1.5822	0.067	-1.3436	0.0507	-0.8242	0.0679
ARG_237	1595.7335	0.089	639.4869	0.0982	1573.4974	0.0891	1936.1793	0.0906	8.9932	0.0726	-1.0476	0.1057
ARG_238	-0.7387	0.0439	-0.6716	0.0401	-0.7374	0.0438	-0.7666	0.0468	-0.4944	0.023	-0.2572	0.0457
ARG_239	-1.1836	0.055	-1.1014	0.0503	-1.1795	0.0549	-1.2966	0.0582	-1.0094	0.0346	-0.4924	0.0538
ARG_240	31.7779	0.0469	31.027	0.0442	31.89	0.0466	24.0566	0.0589	0.9352	-0.0292	-0.8274	0.0534
ARG_241	-0.2007	0.0282	-0.1774	0.025	-0.2001	0.0281	-0.2239	0.031	-0.1411	0.0163	-0.0946	0.0372
ARG_242	-0.2636	0.0338	-0.235	0.0303	-0.2628	0.0337	-0.2888	0.0367	-0.1843	0.0188	-0.1188	0.0413
ARG_243	-0.4565	0.0411	-0.4133	0.0372	-0.4555	0.041	-0.4819	0.0444	-0.3086	0.0205	-0.1775	0.0468
ARG_244	-0.1919	0.0283	-0.1698	0.0251	-0.1913	0.0282	-0.2142	0.0311	-0.1351	0.0164	-0.0916	0.0372
ARG_245	-0.2419	0.0326	-0.2158	0.0292	-0.2412	0.0326	-0.2653	0.0356	-0.1693	0.017	-0.1093	0.0399
ARG_246	-0.3601	0.0374	-0.3251	0.0333	-0.3593	0.0373	-0.3829	0.0407	-0.2454	0.0156	-0.1432	0.0429
ARG_247	-0.1865	0.0284	-0.1653	0.0252	-0.1859	0.0283	-0.208	0.0312	-0.1313	0.0166	-0.0899	0.0372
ARG_248	-0.2197	0.0312	-0.1958	0.0277	-0.2191	0.0311	-0.2416	0.0341	-0.1539	0.0154	-0.1002	0.0385
ARG_249	-0.278	0.0335	-0.2495	0.0294	-0.2773	0.0334	-0.2995	0.0368	-0.1915	0.0119	-0.1159	0.0394
ARG_250	-0.5943	0.0299	-0.5265	0.0266	-0.5924	0.0298	-0.6635	0.0329	-0.4181	0.0202	-0.2673	0.0416
ARG_251	-0.7141	0.0306	-0.6292	0.0272	-0.7116	0.0305	-0.8064	0.0337	-0.4943	0.0228	-0.3335	0.0443
ARG_252	-0.9141	0.031	-0.8154	0.0273	-0.9113	0.0309	-0.9945	0.0347	-0.6284	0.0252	-0.4527	0.0478
ARG_253	-0.695	0.0315	-0.6023	0.028	-0.6926	0.0314	-0.7774	0.0346	-0.4778	0.0201	-0.2835	0.0427
ARG_254	-0.8972	0.0334	-0.8004	0.0297	-0.8951	0.0333	-0.9322	0.0367	-0.622	0.0231	-0.3877	0.0466
ARG_255	-0.9369	0.0352	-1.0785	0.0309	-0.947	0.0351	-0.2695	0.0389	-0.7233	0.0247	-0.56	0.0515
ARG_256	-0.7007	0.0327	-0.6142	0.0291	-0.6988	0.0326	-0.7503	0.0358	-0.4814	0.0188	-0.2673	0.0431
ARG_257	-0.8042	0.0363	-0.8372	0.0325	-0.8068	0.0362	-0.6724	0.0394	-0.6149	0.0211	-0.3795	0.0481
ARG_258	-0.1961	0.0412	-1.0261	0.0373	-0.2219	0.0411	0.2206	0.0443	-0.738	0.0229	-0.5681	0.0546
ARG_259	-0.232	0.0227	-0.2043	0.0185	-0.2312	0.0226	-0.2556	0.0262	-0.1602	0.0008	-0.0974	0.0307
ARG_260	-0.2316	0.0214	-0.2031	0.0171	-0.2309	0.0213	-0.2562	0.0248	-0.1598	0.0008	-0.0975	0.0302
ARG_261	-0.2123	0.0201	-0.1856	0.0159	-0.2115	0.02	-0.2367	0.0235	-0.147	0.0011	-0.092	0.0295
ARG_262	-0.1798	0.02	-0.1578	0.0161	-0.1792	0.0199	-0.201	0.0232	-0.1254	0.0026	-0.0805	0.029
ARG_263	-0.1786	0.0189	-0.1564	0.0149	-0.178	0.0188	-0.2003	0.0221	-0.1245	0.0026	-0.0804	0.0287
ARG_264	-0.1701	0.0178	-0.1487	0.014	-0.1695	0.0177	-0.1917	0.0211	-0.1187	0.003	-0.078	0.0282
ARG_265	-0.1536	0.018	-0.1346	0.0144	-0.1531	0.0179	-0.1732	0.0211	-0.1074	0.0041	-0.0715	0.0279
ARG_266	-0.2966	0.0264	-0.2619	0.0208	-0.2958	0.0262	-0.3235	0.0308	-0.2038	-0.0096	-0.1214	0.0352
ARG_267	-0.2539	0.0215	-0.2227	0.0159	-0.2531	0.0214	-0.2811	0.026	-0.1759	-0.006	-0.1095	0.034
ARG_268	-0.2184	0.0227	-0.1923	0.0177	-0.2177	0.0226	-0.2419	0.0268	-0.1522	-0.0043	-0.0966	0.0325
ARG_269	-0.2007	0.0191	-0.1762	0.0141	-0.2	0.019	-0.2244	0.0233	-0.1402	-0.0023	-0.0916	0.032
ARG_270	-0.1793	0.0201	-0.1578	0.0155	-0.1787	0.02	-0.2007	0.0238	-0.1256	-0.0009	-0.0832	0.0307
ARG_271	2903.6273	0.0828	3814.5542	0.0255	2913.8524	0.0815	2894.5284	0.0973	342.435	-0.0542	3.4944	0.0666
ARG_272	-0.2075	0.0522	-0.0524	0.0437	-0.2069	0.052	-0.0705	0.0575	-1.0563	-0.0052	-0.5987	0.0479
ARG_273	3.6891	0.0522	5.987	0.0402	3.657	0.0519	7.8092	0.0591	-0.8261	-0.0265	-0.7452	0.0484
ARG_274	-0.9015	0.038	-0.8254	0.0318	-0.9001	0.0378	-0.9294	0.0428	-0.5964	-0.0072	-0.2903	0.0407
ARG_275	9.0553	0.0526	14.3143	0.0378	9.1316	0.0522	12.378	0.0615	-0.4393	-0.0423	-1.0038	0.0531
ARG_276	-0.9401	0.0356	-0.848	0.0285	-0.9384	0.0354	-0.9738	0.0412	-0.618	-0.015	-0.3016	0.0408
ARG_277	-0.4925	0.0299	-0.4333	0.0246	-0.4911	0.0297	-0.5335	0.0341	-0.3331	-0.0043	-0.1769	0.0359
ARG_278	-0.9719	0.043	-0.9139	0.0364	-0.9716	0.0429	-0.9486	0.048	-0.6252	-0.0115	-0.2913	0.0428
ARG_279	-0.8019	0.0338	-0.7262	0.0267	-0.8006	0.0336	-0.8236	0.0396	-0.5262	-0.0164	-0.2645	0.0402
ARG_280	-0.3427	0.031	-0.3111	0.0257	-0.342	0.0309	-0.362	0.0352	-0.2319	-0.0043	-0.1316	0.0358
ARG_281	-0.2996	0.0246	-0.2666	0.0189	-0.2988	0.0245	-0.3253	0.0293	-0.2068	-0.0064	-0.1253	0.0348
ARG_282	-0.1971	0.0242	-0.1751	0.0197	-0.1965	0.0241	-0.2172	0.0279	-0.1377	-0.0001	-0.0882	0.0319
ARG_283	-0.7994	0.0484	-0.7191	0.0462	-0.7974	0.0483	-0.8693	0.0504	-0.5625	0.0429	-0.3581	0.0547
ARG_284	-1.0571	0.0562	-0.9512	0.0545	-1.0543	0.0561	-1.151	0.0581	-0.7379	0.0569	-0.4931	0.0628
ARG_285	-1.421	0.065	-1.394	0.0627	-1.4225	0.065	-1.2149	0.0679	-1.0712	0.0796	-0.7583	0.0725
ARG_286	-0.9264	0.0478	-0.8243	0.0445	-0.924	0.0477	-0.9973	0.0505	-0.6299	0.0377	-0.3487	0.0519
ARG_287	-1.2809	0.0535	-1.2172	0.0496	-1.2803	0.0534	-1.2646	0.0566	-0.9241	0.0451	-0.5178	0.0578
ARG_288	-0.3435	0.0565	-1.3872	0.0518	-0.3813	0.0564	1.1763	0.0605	-1.0577	0.0376	-0.7872	0.0621
ARG_289	-0.775	0.0403	-0.6876	0.0363	-0.7732	0.0402	-0.8205	0.0437	-0.52	0.0165	-0.2676	0.0433
ARG_290	-0.995	0.0436	-1.0012	0.0389	-0.9968	0.0434	-0.9042	0.0474	-0.7224	0.0122	-0.3807	0.0463
ARG_291	-0.3884	0.0469	-1.1482	0.0416	-0.4081	0.0468	-0.2277	0.0511	-0.8695	0.0075	-0.5142	0.0489
ARG_292	22.7286	0.1005	3.8534	0.1017	21.68	0.1005	120.6131	0.0991	1.5751	0.083	-0.0878	0.1035
ARG_293	1013.8775	0.0975	116.1737	0.0893	951.6618	0.0974	11070.98	0.097	63.2713	0.1091	4.1805	0.1202
ARG_294	1782471.2794	0.1421	86161.0369	0.1047	1728494.2863	0.1422	7252551.4665	0.071	1417.9307	0.174	33.8885	0.1244
ARG_295	377854.7442	0.1164	8792605.3451	0.1786	433243.6289	0.119	171352.2941	0.0605	249.7337	0.0335	3.3839	0.0911
ARG_296	341023.8435	0.0316	70328.3129	0.035	327280.36	0.0317	351157.3867	0.0348	2382.3268	-0.1959	28.1578	0.0771
ARG_297	31878.6649	0.0955	14288.3728	0.0269	31565.097	0.094	22522.5518	0.1054	4166.8297	-0.0986	39.7598	0.0637
ARG_298	260.2256	0.0629	228.9337	0.0484	261.0246	0.0627	220.8219	0.0638	40.3158	-0.0447	-0.4604	0.0557
ARG_299	180.1444	0.0664	269.087	0.0525	179.7957	0.0663	316.7172	0.0644	28.3291	-0.0285	-0.6928	0.0525
ARG_300	45.9333	0.0568	87.9988	0.0463	45.7577	0.0567	101.6087	0.0574	5.2856	-0.0101	-1.0415	0.0506
ARG_301	-0.3347	0.0497	-0.6166	0.0448	-0.3397	0.0496	-0.273	0.0536	-0.618	0.0168	-0.3939	0.0551
ARG_302	17.8062	0.047	19.5804	0.0432	17.9785	0.0468	15.4297	0.0571	3.1308	-0.0149	-0.6056	0.0604
ARG_303	97.4689	0.0519	487.2575	0.0624	102.1716	0.0521	40.0792	0.0607	5.2868	-0.0887	-0.7785	0.0626
ARG_304	-0.6494	0.0384	-0.5908	0.0333	-0.6484	0.0383	-0.6679	0.0428	-0.4285	0.0007	-0.2091	0.0425
ARG_305	-0.8088	0.0391	-0.7166	0.0331	-0.8067	0.0389	-0.8369	0.045	-0.5578	-0.0133	-0.2618	0.0427
ARG_306	-0.892	0.0376	-0.8064	0.0309	-0.8895	0.0374	-0.9473	0.0439	-0.6175	-0.0228	-0.29	0.0422
ARG_307	-0.3199	0.0303	-0.2879	0.0257	-0.3192	0.0302	-0.3404	0.0341	-0.2159	0.0007	-0.1229	0.0356
ARG_308	-0.2073	0.0238	-0.1851	0.0213	-0.2066	0.0238	-0.234	0.0262	-0.1448	0.0189	-0.1122	0.0348
ARG_309	-0.2521	0.0267	-0.2261	0.0243	-0.2513	0.0266	-0.2843	0.029	-0.1762	0.0214	-0.1377	0.0373
ARG_310	-0.8884	0.0299	-0.9062	0.0233	-0.8874	0.0297	-0.9886	0.0348	-0.7458	-0.0056	-0.3821	0.0425
ARG_311	-0.8662	0.029	-0.7613	0.0234	-0.8636	0.0289	-0.9452	0.0333	-0.5948	-0.0012	-0.2982	0.0399
ARG_312	-0.711	0.0281	-0.6175	0.0232	-0.7088	0.028	-0.7742	0.032	-0.4807	0.0028	-0.2512	0.038
ARG_313	-0.5863	0.024	-0.5045	0.0185	-0.5844	0.0239	-0.6437	0.0284	-0.3942	-0.0025	-0.2034	0.0363
ARG_314	-0.5022	0.0238	-0.4344	0.0189	-0.5006	0.0237	-0.5513	0.0277	-0.342	0.0006	-0.1805	0.0348
ARG_315	-0.4527	0.0237	-0.3942	0.0193	-0.4513	0.0236	-0.4982	0.0273	-0.3126	0.0032	-0.1671	0.0339
ARG_316	-0.3208	0.0198	-0.2767	0.0151	-0.3197	0.0197	-0.3562	0.0238	-0.2185	0.0011	-0.1249	0.0328
ARG_317	-0.2996	0.02	-0.2584	0.0157	-0.2986	0.0199	-0.3334	0.0237	-0.2044	0.003	-0.1171	0.0318
ARG_318	-0.2852	0.0205	-0.2459	0.0165	-0.2842	0.0204	-0.3177	0.0238	-0.1945	0.0047	-0.1121	0.0314
ARG_319	-0.2003	0.0193	-0.1754	0.0153	-0.1996	0.0192	-0.2241	0.0226	-0.1394	0.0018	-0.089	0.0285
ARG_320	-0.1795	0.0189	-0.1568	0.0153	-0.1789	0.0188	-0.2019	0.0218	-0.1248	0.0038	-0.0803	0.0274
ARG_321	-0.172	0.0194	-0.1502	0.0162	-0.1714	0.0194	-0.1938	0.0222	-0.1197	0.0052	-0.0773	0.0273
ARG_322	-0.1651	0.017	-0.1443	0.0133	-0.1645	0.0169	-0.1867	0.0202	-0.1154	0.0035	-0.0765	0.0274
ARG_323	-0.1549	0.0169	-0.1352	0.0136	-0.1544	0.0169	-0.1757	0.0198	-0.1082	0.0051	-0.0718	0.0266
