ARG	Vdw	Elec
ARG_0	-6.2068	-1.0308
ARG_1	-7.2635	-0.8971
ARG_2	-1.4233	-0.8585
ARG_3	-11.324	-0.896
ARG_4	-6.7718	-0.917
ARG_5	-8.4649	-0.9086
ARG_6	-9.7107	-0.9509
ARG_7	-6.3038	-0.9303
ARG_8	-7.675	-0.9443
ARG_9	-8.5739	-0.9893
ARG_10	-5.8394	-0.7476
ARG_11	-5.1342	-0.7988
ARG_12	-4.7168	-0.8442
ARG_13	-6.3881	-0.7267
ARG_14	-4.5779	-0.7748
ARG_15	-3.024	-0.8123
ARG_16	-2.9463	-0.7091
ARG_17	10.5953	-0.7556
ARG_18	18.3159	-0.7853
ARG_19	-6.5856	-0.6332
ARG_20	-8.0765	-0.6896
ARG_21	-6.4687	-0.7473
ARG_22	12.4689	-0.6225
ARG_23	-7.2368	-0.6853
ARG_24	-5.5347	-0.7462
ARG_25	29.1108	-0.6777
ARG_26	19.7173	-0.7513
ARG_27	-5.7794	-0.8501
ARG_28	3.5092	-0.844
ARG_29	-3.2698	-0.8924
ARG_30	-5.5231	-0.8498
ARG_31	-7.0245	-0.889
ARG_32	-9.523	-0.9171
ARG_33	-5.2602	-0.8526
ARG_34	-6.5478	-0.9195
ARG_35	-8.252	-0.941
ARG_36	-5.4817	-1.0454
ARG_37	-4.0087	-1.0291
ARG_38	-7.392	-1.039
ARG_39	-6.3328	-1.0305
ARG_40	-6.6923	-1.0289
ARG_41	-2.091	-1.0014
ARG_42	-5.1406	-0.9869
ARG_43	-6.053	-1.0414
ARG_44	-7.0575	-1.0079
ARG_45	-5.0581	-0.8138
ARG_46	-5.2199	-0.8497
ARG_47	-5.5929	-0.8832
ARG_48	-4.7724	-0.7782
ARG_49	-4.9328	-0.8141
ARG_50	-5.254	-0.8502
ARG_51	-4.6513	-0.7451
ARG_52	-4.7572	-0.78
ARG_53	-4.9644	-0.8188
ARG_54	-6.2065	-0.9892
ARG_55	-8.5441	-0.9874
ARG_56	-9.8661	-1.0033
ARG_57	-5.7685	-0.9576
ARG_58	-1.4862	-0.9844
ARG_59	-0.3957	-1.0232
ARG_60	-6.4524	-0.9466
ARG_61	-7.163	-0.951
ARG_62	-7.0821	-0.9683
ARG_63	-5.3906	-0.7758
ARG_64	-4.9457	-0.7706
ARG_65	-4.6592	-0.7609
ARG_66	-5.7461	-0.7382
ARG_67	-4.1321	-0.7349
ARG_68	-3.0052	-0.7262
ARG_69	2.1964	-0.7017
ARG_70	23.2896	-0.7032
ARG_71	25.7356	-0.6966
ARG_72	-4.9465	-0.8562
ARG_73	-5.2774	-0.8894
ARG_74	-6.4451	-0.8915
ARG_75	-4.7215	-0.8027
ARG_76	-5.1114	-0.8588
ARG_77	-6.0272	-0.8991
ARG_78	-4.8182	-0.7575
ARG_79	-5.0004	-0.832
ARG_80	-5.5642	-0.9032
ARG_81	-6.4138	-0.8475
ARG_82	-5.871	-0.9321
ARG_83	-5.9537	-0.9297
ARG_84	-6.1365	-0.8519
ARG_85	-4.8266	-0.9286
ARG_86	-3.5228	-0.9164
ARG_87	0.1628	-0.8553
ARG_88	30.5673	-0.9251
ARG_89	29.1481	-0.8953
ARG_90	10.989	-0.6931
ARG_91	-5.7078	-0.7324
ARG_92	-4.8722	-0.7727
ARG_93	-4.4023	-0.7005
ARG_94	-3.2692	-0.7426
ARG_95	35.4484	-0.6745
ARG_96	20.3328	-0.7186
ARG_97	-5.0802	-0.9199
ARG_98	-2.4029	-0.9616
ARG_99	-3.3037	-1.0043
ARG_100	-6.0375	-0.9095
ARG_101	-6.5509	-0.9506
ARG_102	-6.6333	-0.999
ARG_103	-4.8492	-0.8899
ARG_104	-5.2585	-0.9302
ARG_105	-5.9246	-0.9705
ARG_106	-5.3447	-0.788
ARG_107	-5.9251	-0.8047
ARG_108	-6.7461	-0.808
ARG_109	-5.5846	-0.7575
ARG_110	-6.1302	-0.7827
ARG_111	-6.631	-0.8
ARG_112	-6.1729	-0.7283
ARG_113	-6.4275	-0.7638
ARG_114	-6.6806	-0.7953
ARG_115	-8.3709	-0.8916
ARG_116	-7.1498	-0.8829
ARG_117	-6.6729	-0.8919
ARG_118	-6.3544	-0.8079
ARG_119	-5.6277	-0.8201
ARG_120	-5.4028	-0.8494
ARG_121	-5.2326	-0.7495
ARG_122	-4.6799	-0.7713
ARG_123	-4.4168	-0.8044
ARG_124	-6.5961	-0.796
ARG_125	-4.5759	-0.7649
ARG_126	-6.669	-0.8
ARG_127	-6.9633	-0.7966
ARG_128	-3.208	-0.8062
ARG_129	-6.7068	-0.8068
ARG_130	-7.2373	-0.8249
ARG_131	-8.1366	-0.8522
ARG_132	-5.9528	-0.9242
ARG_133	-5.786	-0.9191
ARG_134	-5.4101	-0.8714
ARG_135	-5.835	-0.9101
ARG_136	-4.8037	-0.9001
ARG_137	-3.2972	-0.8444
ARG_138	0.8612	-0.8923
ARG_139	24.2079	-0.8758
ARG_140	33.7375	-0.8172
ARG_141	-7.4334	-0.7815
ARG_142	-5.4662	-0.9012
ARG_143	-7.2038	-0.7654
ARG_144	-4.3725	-0.8928
ARG_145	65.881	-0.7337
ARG_146	25.8227	-0.8852
ARG_147	-7.9352	-0.7258
ARG_148	-5.5204	-0.7715
ARG_149	-4.9417	-0.8197
ARG_150	-6.8404	-0.6599
ARG_151	-5.1366	-0.7106
ARG_152	-4.7011	-0.7621
ARG_153	-6.5789	-0.6005
ARG_154	-5.0146	-0.6581
ARG_155	-4.6737	-0.7132
ARG_156	-9.7408	-0.9658
ARG_157	-8.5117	-0.9085
ARG_158	-7.7548	-0.8921
ARG_159	-7.7354	-0.8529
ARG_160	-6.9736	-0.832
ARG_161	-6.249	-0.8339
ARG_162	-6.3444	-0.7957
ARG_163	-5.6854	-0.7871
ARG_164	-5.164	-0.7928
ARG_165	-6.1363	-0.7883
ARG_166	-5.4548	-0.8496
ARG_167	-5.2256	-0.8992
ARG_168	-5.599	-0.7404
ARG_169	-5.0761	-0.8015
ARG_170	-4.9526	-0.856
ARG_171	-5.3084	-0.6981
ARG_172	-4.8778	-0.7566
ARG_173	-4.7859	-0.8139
ARG_174	-8.0707	-0.9457
ARG_175	-7.1903	-0.9534
ARG_176	-4.2642	-0.9597
ARG_177	-6.472	-0.8827
ARG_178	-6.2225	-0.9111
ARG_179	-6.3262	-0.9408
ARG_180	-5.3076	-0.836
ARG_181	-5.0372	-0.8725
ARG_182	-5.0881	-0.9197
ARG_183	-4.7015	-0.7662
ARG_184	-4.8921	-0.6989
ARG_185	-5.5648	-0.6154
ARG_186	-4.6708	-0.7199
ARG_187	-3.0628	-0.6549
ARG_188	-1.1643	-0.579
ARG_189	4.7852	-0.68
ARG_190	-6.1099	-0.8996
ARG_191	-5.8856	-0.8191
ARG_192	-7.1793	-0.6954
ARG_193	-5.4411	-0.882
ARG_194	-3.7956	-0.7714
ARG_195	-4.1031	-0.6373
ARG_196	13.0187	-0.8482
ARG_197	3.7855	-0.6801
ARG_198	-7.9456	-0.7601
ARG_199	-6.7157	-0.8349
ARG_200	-6.515	-0.7792
ARG_201	-5.5246	-0.8439
ARG_202	28.9986	-0.7901
ARG_203	23.2537	-0.8526
ARG_204	-5.5483	-0.9216
ARG_205	-5.7104	-0.8946
ARG_206	-5.7537	-0.8291
ARG_207	-5.3181	-0.8951
ARG_208	-4.5827	-0.8596
ARG_209	-3.3764	-0.7922
ARG_210	2.1757	-0.869
ARG_211	29.0067	-0.8254
ARG_212	55.4159	-0.7572
ARG_213	-7.2578	-0.748
ARG_214	-5.7985	-0.7745
ARG_215	-5.4454	-0.6953
ARG_216	-5.3636	-0.7213
ARG_217	-5.1936	-0.6433
ARG_218	-5.1405	-0.6649
ARG_219	-8.7232	-0.8849
ARG_220	3.9242	-0.8838
ARG_221	-8.0278	-0.9306
ARG_222	-9.3342	-0.9147
ARG_223	-10.3932	-0.9387
ARG_224	-7.0264	-0.9677
ARG_225	-8.6312	-0.9822
ARG_226	-9.5469	-1.0213
ARG_227	-4.6699	-0.8109
ARG_228	-4.8154	-0.7864
ARG_229	-5.1006	-0.7312
ARG_230	-4.8538	-0.7601
ARG_231	-3.7362	-0.7347
ARG_232	-1.5497	-0.6875
ARG_233	4.6394	-0.7208
ARG_234	80.7134	-0.695
ARG_235	-8.9856	-0.9761
ARG_236	-2.5708	-0.9863
ARG_237	12.9508	-1.0682
ARG_238	19.2033	-0.9956
ARG_239	-6.181	-1.0752
ARG_240	-9.6693	-1.0721
ARG_241	-6.5827	-0.919
ARG_242	-6.6797	-0.9094
ARG_243	-5.9952	-0.8629
ARG_244	-7.0927	-0.8861
ARG_245	-6.3869	-0.912
ARG_246	-6.2104	-0.9064
ARG_247	-6.9132	-0.9021
ARG_248	-4.9323	-0.9099
ARG_249	-3.7116	-0.8832
ARG_250	12.4799	-0.9134
ARG_251	55.6612	-0.906
ARG_252	50.544	-0.8644
ARG_253	-8.3776	-0.8614
ARG_254	34.101	-0.8776
ARG_255	26.3062	-0.9254
ARG_256	-7.3456	-0.9008
ARG_257	-8.2952	-0.9295
ARG_258	-9.3632	-0.948
ARG_259	-6.2698	-0.9243
ARG_260	-7.1586	-0.9525
ARG_261	-8.1303	-0.9618
ARG_262	-4.9045	-0.688
ARG_263	-5.3231	-0.6531
ARG_264	-5.9502	-0.6367
ARG_265	-5.0046	-0.6528
ARG_266	-3.2792	-0.6279
ARG_267	-1.8518	-0.6119
ARG_268	8.1112	-0.6284
ARG_269	-6.7129	-0.6269
ARG_270	81.0226	-0.4168
ARG_271	-5.823	-0.5968
ARG_272	25.0683	-0.3713
ARG_273	8.1334	-0.5616
ARG_274	-7.4297	-0.7677
ARG_275	-5.9821	-0.7919
ARG_276	-7.3055	-0.706
ARG_277	-5.3234	-0.734
ARG_278	-0.4374	-0.6712
ARG_279	-6.2064	-0.632
ARG_280	-4.9614	-0.687
ARG_281	-5.5767	-0.7954
ARG_282	-2.5138	-0.5796
ARG_283	-5.2431	-0.7396
ARG_284	10.1587	-0.4296
ARG_285	1.402	-0.686
ARG_286	-8.7136	-1.0497
ARG_287	-7.9865	-1.062
ARG_288	-2.1064	-1.0583
ARG_289	-3.7359	-1.0166
ARG_290	-0.5686	-0.9981
ARG_291	-5.2239	-0.9867
ARG_292	-6.2558	-0.9956
ARG_293	-6.8228	-0.971
ARG_294	-7.2012	-0.9247
ARG_295	-11.4483	-1.0962
ARG_296	-9.9525	-1.0725
ARG_297	-4.0923	-1.0373
ARG_298	-9.4705	-0.9871
ARG_299	-9.434	-0.9565
ARG_300	-9.0429	-0.9353
ARG_301	-7.5041	-0.8961
ARG_302	-7.3902	-0.8754
ARG_303	-7.2121	-0.8587
ARG_304	-6.3001	-0.9145
ARG_305	-6.5112	-0.8586
ARG_306	-7.2028	-0.7809
ARG_307	-5.7177	-0.8605
ARG_308	-5.1713	-0.8002
ARG_309	-4.3496	-0.727
ARG_310	21.9237	-0.8209
ARG_311	34.4686	-0.8797
ARG_312	18.9378	-0.946
ARG_313	69.1835	-0.8805
ARG_314	-6.3119	-0.6989
ARG_315	-5.467	-0.7419
ARG_316	-5.132	-0.7748
ARG_317	-6.2955	-0.6505
ARG_318	-5.6044	-0.685
ARG_319	-5.3899	-0.7184
ARG_320	-7.0558	-0.6036
ARG_321	-6.7815	-0.6298
ARG_322	-3.7649	-0.664
ARG_323	-5.9908	-0.6167
ARG_324	-5.6117	-0.6549
ARG_325	-5.4355	-0.687
ARG_326	-4.7644	-0.5983
ARG_327	47.8517	-0.6279
