ligand_pose	gauss1	gauss2	repulsion	hydrophobic	non_dir_h_bond	num_tors_div
ligand_pose_0	-2.0639	-3.5305	6.5719	-0.6348	-1.5647	0.0
ligand_pose_1	-2.0217	-3.8414	8.6085	-0.7507	-1.8032	0.0
ligand_pose_2	-2.074	-3.8373	11.8726	-0.7513	-1.9985	0.0
ligand_pose_3	-1.9241	-3.4549	8.2255	-0.6307	-2.2638	0.0
ligand_pose_4	-2.0184	-3.4771	6.1198	-0.6323	-2.1131	0.0
ligand_pose_5	-2.0575	-3.7223	5.6098	-0.6606	-0.8375	0.0
ligand_pose_6	-1.9592	-3.5798	3.4566	-0.6361	-0.8107	0.0
ligand_pose_7	-2.0394	-3.6908	8.8571	-0.663	-1.8858	0.0
ligand_pose_8	-2.0764	-3.5191	5.6382	-0.6348	-1.6791	0.0
ligand_pose_9	-1.7364	-3.9881	7.6247	-0.7251	-0.1072	0.0
ligand_pose_10	-1.8549	-3.8035	5.2477	-0.6762	-0.175	0.0
ligand_pose_11	-1.7172	-3.633	3.4158	-0.6281	-0.1187	0.0
ligand_pose_12	-1.9529	-3.835	8.7921	-0.7515	-2.6733	0.0
ligand_pose_13	-1.9613	-3.5957	7.1272	-0.6593	-2.508	0.0
ligand_pose_14	-1.9375	-3.4354	4.4963	-0.6284	-1.824	0.0
ligand_pose_15	-2.3029	-3.9353	7.4012	-0.793	-0.2016	0.0
ligand_pose_16	-1.8427	-3.9611	9.6551	-0.7151	-1.3789	0.0
ligand_pose_17	-1.8015	-3.5755	6.5947	-0.62	-1.4291	0.0
ligand_pose_18	-1.6141	-3.5174	7.5308	-0.611	-1.5127	0.0
ligand_pose_19	-1.7159	-3.9748	8.4788	-0.7251	-0.4602	0.0
ligand_pose_20	-1.7173	-3.7708	5.862	-0.6762	-0.804	0.0
ligand_pose_21	-1.6366	-3.6113	3.5849	-0.6281	-0.6407	0.0
ligand_pose_22	-1.9268	-3.6885	7.2346	-0.6606	-1.5418	0.0
ligand_pose_23	-1.8393	-3.5578	4.302	-0.6361	-1.4834	0.0
ligand_pose_24	-2.0546	-3.8606	11.0463	-0.7515	-2.1782	0.0
ligand_pose_25	-2.0061	-3.6219	9.7161	-0.6613	-2.7219	0.0
ligand_pose_26	-1.9426	-3.4528	6.0375	-0.6306	-2.6443	0.0
ligand_pose_27	-2.1938	-4.0367	4.8135	-0.8371	-0.3135	0.0
ligand_pose_28	-2.0289	-3.8805	11.1968	-0.7517	-2.2151	0.0
ligand_pose_29	-2.0412	-3.6366	9.6125	-0.6622	-2.3213	0.0
ligand_pose_30	-1.9694	-3.4601	6.0351	-0.6323	-2.3605	0.0
ligand_pose_31	-1.7746	-3.785	10.0964	-0.5556	-0.5763	0.0
ligand_pose_32	-2.1209	-4.042	5.8794	-0.8371	-0.5873	0.0
ligand_pose_33	-2.0109	-3.9019	7.948	-0.7963	-1.0034	0.0
ligand_pose_34	-2.2246	-4.0381	4.6283	-0.8371	-0.3135	0.0
ligand_pose_35	-1.5829	-3.8097	8.4672	-0.5327	-0.3951	0.0
ligand_pose_36	-1.7263	-3.5742	6.5874	-0.62	-1.2213	0.0
ligand_pose_37	-1.6648	-3.778	8.1305	-0.6762	-1.3238	0.0
ligand_pose_38	-1.5566	-3.6154	5.1867	-0.6286	-1.0976	0.0
ligand_pose_39	-1.5367	-3.7998	9.6377	-0.5327	-0.7684	0.0
ligand_pose_40	-1.5819	-3.8271	2.8657	-0.678	-0.0386	0.0
ligand_pose_41	-1.4912	-3.6499	1.9199	-0.6303	-0.0	0.0
ligand_pose_42	-1.715	-3.9095	10.9043	-0.7068	-1.5432	0.0
ligand_pose_43	-1.5729	-3.5115	7.0666	-0.613	-1.8016	0.0
ligand_pose_44	-1.9999	-3.9667	6.5995	-0.853	-0.143	0.0
ligand_pose_45	-1.8845	-3.71	10.4459	-0.6324	-0.7636	0.0
ligand_pose_46	-1.7713	-3.7082	3.7166	-0.6575	-0.6255	0.0
ligand_pose_47	-1.7183	-3.5656	2.3706	-0.635	-0.4641	0.0
ligand_pose_48	-1.9637	-3.907	8.7827	-0.7961	-1.1418	0.0
ligand_pose_49	-1.7063	-3.889	10.7321	-0.7024	-1.6851	0.0
ligand_pose_50	-1.5351	-3.503	7.1486	-0.6093	-1.8421	0.0
ligand_pose_51	-1.9287	-3.8319	8.3245	-0.7504	-2.3934	0.0
ligand_pose_52	-2.0518	-3.7576	11.3121	-0.6832	-2.5403	0.0
ligand_pose_53	-1.9648	-3.5849	6.7367	-0.6579	-1.9745	0.0
ligand_pose_54	-1.8915	-3.4016	4.5426	-0.6272	-1.5848	0.0
ligand_pose_55	-1.4405	-3.7667	8.6069	-0.3749	-0.2736	0.0
ligand_pose_56	-1.6482	-3.8768	6.8602	-0.7053	-0.6675	0.0
ligand_pose_57	-1.5194	-3.8198	3.8458	-0.678	-0.3255	0.0
ligand_pose_58	-1.4746	-3.6397	2.6333	-0.6302	-0.0616	0.0
ligand_pose_59	-1.4765	-3.7582	6.6675	-0.4369	-0.2442	0.0
ligand_pose_60	-2.0295	-3.6935	8.8192	-0.6621	-1.8991	0.0
ligand_pose_61	-2.0632	-3.5405	5.4731	-0.6347	-1.5793	0.0
ligand_pose_62	-1.8617	-3.8883	3.8508	-0.8462	-0.0	0.0
ligand_pose_63	-2.0241	-3.9907	6.7248	-0.853	-0.143	0.0
ligand_pose_64	-1.7184	-3.581	6.7552	-0.6228	-1.1749	0.0
ligand_pose_65	-1.9765	-3.8913	2.4498	-0.8395	-0.0	0.0
ligand_pose_66	-2.0081	-3.8791	2.6396	-0.7724	-0.159	0.0
ligand_pose_67	-1.9207	-3.885	3.4842	-0.8461	-0.0	0.0
ligand_pose_68	-1.4138	-3.803	6.4335	-0.5326	-0.3564	0.0
ligand_pose_69	-2.1677	-4.0675	4.9474	-0.8059	-0.2664	0.0
ligand_pose_70	-2.1098	-3.9957	2.8453	-0.8023	-0.4417	0.0
ligand_pose_71	-1.7966	-3.8977	1.3978	-0.7579	-0.0	0.0
ligand_pose_72	-2.0511	-3.9444	4.1423	-0.9163	-0.0	0.0
ligand_pose_73	-1.8964	-3.9437	5.1361	-0.8502	-0.1211	0.0
ligand_pose_74	-2.0765	-3.9211	5.0166	-0.9582	-0.0	0.0
ligand_pose_75	-1.5554	-3.8525	4.4408	-0.7052	-0.0	0.0
ligand_pose_76	-2.1811	-4.0056	2.867	-0.8023	-0.2503	0.0
ligand_pose_77	-1.8951	-3.9281	0.9286	-0.7579	-0.0	0.0
ligand_pose_78	-1.9326	-3.9615	4.7893	-0.85	-0.1211	0.0
ligand_pose_79	-2.1013	-3.9491	3.9475	-0.9163	-0.0	0.0
ligand_pose_80	-2.1233	-3.9138	5.0988	-0.9593	-0.0	0.0
ligand_pose_81	-1.3333	-3.9532	4.1759	-0.7602	-0.0	0.0
ligand_pose_82	-1.4979	-3.8024	3.0971	-0.7192	-0.0	0.0
ligand_pose_83	-1.5041	-3.8044	3.1011	-0.7038	-0.0	0.0
ligand_pose_84	-1.7665	-3.729	3.825	-0.6362	-0.0	0.0
ligand_pose_85	-1.5017	-3.9253	4.8763	-0.7399	-0.4642	0.0
ligand_pose_86	-1.7313	-3.6242	9.4439	-0.5322	-0.0	0.0
ligand_pose_87	-1.3946	-3.7114	1.7518	-0.6805	-0.0	0.0
ligand_pose_88	-1.269	-3.6896	2.1998	-0.6475	-0.0	0.0
ligand_pose_89	-1.5666	-3.6493	1.6036	-0.6539	-0.2845	0.0
ligand_pose_90	-1.4026	-3.5488	1.4837	-0.6322	-0.3987	0.0
ligand_pose_91	-1.5007	-3.8635	8.6887	-0.6917	-1.6161	0.0
ligand_pose_92	-1.4184	-3.4705	5.6879	-0.5991	-1.1865	0.0
ligand_pose_93	-2.0884	-3.9913	7.1476	-0.853	-0.1611	0.0
ligand_pose_94	-2.0374	-3.9063	5.6637	-0.9581	-0.0	0.0
ligand_pose_95	-1.8885	-3.9288	5.7043	-0.8504	-0.1171	0.0
ligand_pose_96	-2.0182	-3.9094	2.5972	-0.7724	-0.159	0.0
ligand_pose_97	-2.0094	-3.9029	2.6302	-0.8395	-0.0	0.0
ligand_pose_98	-1.9746	-3.8841	4.2961	-0.8461	-0.0	0.0
ligand_pose_99	-1.9604	-3.8037	6.3324	-0.8223	-0.0	0.0
ligand_pose_100	-1.9553	-4.0057	2.5902	-0.8368	-0.0	0.0
ligand_pose_101	-1.3554	-3.7844	2.1762	-0.6762	-0.0	0.0
ligand_pose_102	-1.222	-3.6461	1.8319	-0.628	-0.0	0.0
ligand_pose_103	-1.8074	-3.981	0.891	-0.8332	-0.0	0.0
ligand_pose_104	-1.8261	-3.6974	4.8149	-0.6284	-0.0572	0.0
ligand_pose_105	-1.2566	-3.6812	3.0351	-0.6475	-0.0	0.0
ligand_pose_106	-1.5992	-3.6728	1.9487	-0.6541	-0.2845	0.0
ligand_pose_107	-1.4527	-3.5672	1.6426	-0.6326	-0.3987	0.0
ligand_pose_108	-1.7528	-3.9488	7.2077	-0.7428	-0.4733	0.0
ligand_pose_109	-1.6425	-3.6038	3.4557	-0.6348	-0.7023	0.0
ligand_pose_110	-1.739	-3.9923	1.2851	-0.8332	-0.0	0.0
ligand_pose_111	-1.7443	-3.8702	4.2344	-0.7811	-0.0	0.0
ligand_pose_112	-1.3963	-3.952	3.2797	-0.7602	-0.0	0.0
ligand_pose_113	-1.5211	-3.7887	1.8265	-0.7192	-0.0	0.0
ligand_pose_114	-1.6866	-3.694	3.2257	-0.6391	-0.0	0.0
ligand_pose_115	-1.5346	-3.9182	3.7425	-0.7394	-0.4642	0.0
ligand_pose_116	-1.7152	-3.8347	2.079	-0.6796	-0.112	0.0
ligand_pose_117	-1.7158	-3.6903	3.6407	-0.6278	-0.0	0.0
ligand_pose_118	-1.5742	-3.8021	2.5818	-0.7038	-0.0	0.0
ligand_pose_119	-1.7817	-3.7366	2.9423	-0.6362	-0.0	0.0
ligand_pose_120	-2.0253	-3.5778	6.0718	-0.5569	-0.0	0.0
ligand_pose_121	-1.4446	-3.7051	1.0554	-0.6805	-0.0	0.0
ligand_pose_122	-1.571	-3.6731	1.0627	-0.6534	-0.2845	0.0
ligand_pose_123	-1.3823	-3.6755	1.9565	-0.6474	-0.0	0.0
ligand_pose_124	-1.4572	-3.5688	1.2661	-0.6321	-0.3987	0.0
ligand_pose_125	-2.209	-3.7778	7.08	-0.8474	-1.0574	0.0
ligand_pose_126	-1.9408	-3.9623	5.1684	-0.85	-0.1211	0.0
ligand_pose_127	-2.0799	-3.9521	4.2006	-0.9163	-0.0	0.0
ligand_pose_128	-2.0801	-3.9196	5.5531	-0.9593	-0.0	0.0
ligand_pose_129	-2.033	-3.9802	3.9013	-0.8028	-0.616	0.0
ligand_pose_130	-1.81	-3.8872	2.3655	-0.7584	-0.0	0.0
ligand_pose_131	-1.968	-3.8895	6.9444	-0.7857	-0.2296	0.0
ligand_pose_132	-1.6811	-3.8555	4.1281	-0.7049	-0.0	0.0
ligand_pose_133	-2.0719	-4.0223	4.0806	-0.8017	-0.6188	0.0
ligand_pose_134	-1.8843	-3.9241	1.326	-0.7572	-0.0861	0.0
ligand_pose_135	-1.6893	-3.7446	4.8611	-0.6798	-0.0	0.0
ligand_pose_136	-1.5497	-3.6077	3.23	-0.6502	-0.0	0.0
ligand_pose_137	-1.653	-3.7765	7.5636	-0.6762	-1.0906	0.0
ligand_pose_138	-1.5418	-3.6153	4.9227	-0.6285	-0.9444	0.0
ligand_pose_139	-1.8701	-3.7909	5.1745	-0.7476	-1.5409	0.0
ligand_pose_140	-1.9452	-3.6876	6.6779	-0.6795	-1.4338	0.0
ligand_pose_141	-1.7934	-3.5536	3.7666	-0.6541	-1.3728	0.0
ligand_pose_142	-1.69	-3.3856	2.3485	-0.623	-1.4775	0.0
ligand_pose_143	-1.8809	-3.9894	0.886	-0.8332	-0.0	0.0
ligand_pose_144	-1.9787	-3.8314	5.887	-0.8151	-1.1749	0.0
ligand_pose_145	-1.8835	-3.9015	7.855	-0.7865	-0.563	0.0
ligand_pose_146	-1.7713	-3.9844	1.7469	-0.8336	-0.0	0.0
ligand_pose_147	-1.3927	-3.7172	3.2722	-0.5511	-0.0	0.0
ligand_pose_148	-1.2278	-3.7118	1.5403	-0.5437	-0.0	0.0
ligand_pose_149	-2.0686	-3.9897	7.5183	-0.8542	-0.2476	0.0
ligand_pose_150	-1.9005	-3.8828	0.9679	-0.8395	-0.0	0.0
ligand_pose_151	-1.9419	-3.8424	1.2138	-0.7685	-0.1369	0.0
ligand_pose_152	-1.8533	-3.8201	2.066	-0.849	-0.0	0.0
ligand_pose_153	-1.2575	-3.6957	0.9802	-0.5437	-0.0	0.0
ligand_pose_154	-1.3462	-3.7262	8.5485	-0.308	-0.0	0.0
ligand_pose_155	-2.1997	-3.8753	3.7803	-0.8925	-1.0133	0.0
ligand_pose_156	-2.0418	-3.9463	4.5323	-0.9163	-0.0	0.0
ligand_pose_157	-1.9093	-3.9563	5.2968	-0.85	-0.1211	0.0
ligand_pose_158	-1.9902	-3.8497	0.9844	-0.768	-0.1369	0.0
ligand_pose_159	-1.9525	-3.8763	0.8848	-0.8395	-0.0	0.0
ligand_pose_160	-1.8967	-3.8334	2.0635	-0.8498	-0.0	0.0
ligand_pose_161	-1.0977	-3.7357	3.4668	-0.5539	-0.0	0.0
ligand_pose_162	-1.1657	-3.6922	3.4936	-0.5049	-0.0	0.0
ligand_pose_163	-1.3849	-3.719	3.7662	-0.5528	-0.0051	0.0
ligand_pose_164	-2.0753	-3.9103	3.0696	-0.7724	-0.159	0.0
ligand_pose_165	-1.8793	-3.87	1.6321	-0.8395	-0.0	0.0
ligand_pose_166	-1.8087	-3.843	2.4994	-0.849	-0.0	0.0
ligand_pose_167	-1.9363	-3.8355	1.5889	-0.7686	-0.1329	0.0
ligand_pose_168	-1.8731	-3.8933	3.851	-0.7481	-0.0	0.0
ligand_pose_169	-1.7099	-3.8735	4.1873	-0.7811	-0.0	0.0
ligand_pose_170	-1.5977	-3.9223	3.4413	-0.7394	-0.4642	0.0
ligand_pose_171	-1.7485	-3.8403	1.9479	-0.6796	-0.112	0.0
ligand_pose_172	-1.7126	-3.7074	4.0751	-0.6278	-0.0394	0.0
ligand_pose_173	-1.4976	-3.9382	3.3742	-0.7602	-0.0	0.0
ligand_pose_174	-1.5609	-3.8025	1.7499	-0.7192	-0.0	0.0
ligand_pose_175	-1.692	-3.7014	3.0983	-0.6391	-0.0	0.0
ligand_pose_176	-1.6227	-3.7948	2.9408	-0.7038	-0.0	0.0
ligand_pose_177	-1.8072	-3.7313	3.2081	-0.6362	-0.0	0.0
ligand_pose_178	-2.0334	-3.5785	6.2432	-0.5569	-0.0	0.0
ligand_pose_179	-1.6156	-3.686	1.223	-0.6534	-0.2845	0.0
ligand_pose_180	-1.5184	-3.7114	1.1116	-0.6805	-0.0	0.0
ligand_pose_181	-1.3898	-3.7013	2.1819	-0.6474	-0.0	0.0
ligand_pose_182	-1.4867	-3.58	1.4171	-0.6321	-0.3987	0.0
ligand_pose_183	-1.6712	-3.7465	4.359	-0.6807	-0.0	0.0
ligand_pose_184	-1.7421	-3.6329	6.4189	-0.6196	-0.0	0.0
ligand_pose_185	-1.5826	-3.6166	2.9778	-0.6511	-0.0	0.0
ligand_pose_186	-1.7427	-3.9045	3.6057	-0.7335	-0.0	0.0
ligand_pose_187	-1.4465	-3.9589	2.731	-0.7258	-0.0	0.0
ligand_pose_188	-1.5336	-3.871	1.7814	-0.7029	-0.0	0.0
ligand_pose_189	-1.6839	-3.78	3.3512	-0.6513	-0.0	0.0
ligand_pose_190	-1.389	-3.7976	1.202	-0.6748	-0.0	0.0
ligand_pose_191	-1.2981	-3.6527	1.4981	-0.6273	-0.0	0.0
ligand_pose_192	-1.2222	-3.8098	3.7176	-0.5295	-0.0	0.0
ligand_pose_193	-2.1081	-4.0387	5.9996	-0.8374	-0.6681	0.0
ligand_pose_194	-1.9558	-3.8891	7.8197	-0.7957	-1.0828	0.0
ligand_pose_195	-1.9281	-3.772	5.1793	-0.8286	-0.0	0.0
ligand_pose_196	-1.59	-3.8965	1.5167	-0.7264	-0.0	0.0
ligand_pose_197	-1.3092	-3.939	2.1307	-0.717	-0.0	0.0
ligand_pose_198	-1.379	-3.8488	0.8667	-0.6962	-0.0	0.0
ligand_pose_199	-1.5588	-3.7209	1.4499	-0.6456	-0.0	0.0
ligand_pose_200	-1.2078	-3.773	0.8909	-0.6678	-0.0	0.0
ligand_pose_201	-1.142	-3.6328	1.3756	-0.6192	-0.0	0.0
ligand_pose_202	-1.8745	-3.9744	0.9206	-0.8323	-0.0	0.0
ligand_pose_203	-1.1532	-3.7026	4.3854	-0.5048	-0.0	0.0
ligand_pose_204	-1.4197	-3.7235	4.2015	-0.5529	-0.0051	0.0
ligand_pose_205	-1.7737	-3.9737	0.8408	-0.8279	-0.0	0.0
ligand_pose_206	-1.7658	-3.9636	0.8456	-0.8289	-0.0	0.0
ligand_pose_207	-1.5752	-3.9084	2.0533	-0.7264	-0.0	0.0
ligand_pose_208	-1.2252	-3.9402	2.2022	-0.717	-0.0	0.0
ligand_pose_209	-1.3275	-3.8678	1.0586	-0.6962	-0.0	0.0
ligand_pose_210	-1.5226	-3.7218	1.7344	-0.6456	-0.0	0.0
ligand_pose_211	-1.1664	-3.7799	0.8938	-0.6678	-0.0	0.0
ligand_pose_212	-1.0832	-3.6473	1.3756	-0.6192	-0.0	0.0
ligand_pose_213	-1.132	-3.7345	2.5509	-0.5539	-0.0	0.0
ligand_pose_214	-1.3732	-3.7134	2.9862	-0.5527	-0.0051	0.0
ligand_pose_215	-1.2394	-3.6851	3.1001	-0.5049	-0.0	0.0
ligand_pose_216	-2.1667	-3.7152	2.7372	-0.7682	-1.2271	0.0
ligand_pose_217	-1.9834	-3.8589	1.2781	-0.768	-0.1369	0.0
ligand_pose_218	-1.9477	-3.8854	0.9866	-0.8395	-0.0	0.0
ligand_pose_219	-1.8628	-3.8431	2.2661	-0.8499	-0.0	0.0
ligand_pose_220	-1.2611	-3.7056	2.2364	-0.5447	-0.0	0.0
ligand_pose_221	-2.2118	-4.0512	7.5875	-0.8322	-0.3111	0.0
ligand_pose_222	-2.2041	-3.9193	7.5249	-0.7921	-0.3317	0.0
ligand_pose_223	-2.0737	-3.8908	4.632	-0.9615	-0.0	0.0
ligand_pose_224	-2.1281	-3.9223	3.5794	-0.9163	-0.0	0.0
ligand_pose_225	-1.856	-3.8888	4.7588	-0.8472	-0.0911	0.0
ligand_pose_226	-2.0765	-3.9352	2.9207	-0.8024	-0.4912	0.0
ligand_pose_227	-1.8134	-3.8527	0.9419	-0.7556	-0.0	0.0
ligand_pose_228	-1.7045	-3.9702	0.8446	-0.8275	-0.0	0.0
ligand_pose_229	-1.9985	-3.9535	4.4661	-0.8024	-0.8173	0.0
ligand_pose_230	-1.7711	-3.868	1.6607	-0.7556	-0.1029	0.0
ligand_pose_231	-1.3398	-3.7063	0.9418	-0.5434	-0.0	0.0
ligand_pose_232	-1.4177	-3.6636	4.9274	-0.5187	-0.0	0.0
ligand_pose_233	-1.6651	-3.8393	5.0024	-0.7032	-0.0	0.0
ligand_pose_234	-2.1142	-3.9991	4.9055	-0.8015	-0.8479	0.0
ligand_pose_235	-1.8949	-3.902	2.0571	-0.7561	-0.114	0.0
ligand_pose_236	-1.6575	-3.9024	1.4282	-0.7264	-0.0	0.0
ligand_pose_237	-1.3102	-3.9569	2.2807	-0.717	-0.0	0.0
ligand_pose_238	-1.4253	-3.8582	0.8667	-0.6962	-0.0	0.0
ligand_pose_239	-1.5575	-3.7466	1.5244	-0.6456	-0.0	0.0
ligand_pose_240	-1.2616	-3.7639	0.8981	-0.6678	-0.0	0.0
ligand_pose_241	-1.1831	-3.6411	1.4207	-0.6192	-0.0	0.0
ligand_pose_242	-1.6993	-3.955	0.8456	-0.8289	-0.0	0.0
ligand_pose_243	-1.4243	-3.8336	5.4218	-0.6817	-0.8284	0.0
ligand_pose_244	-1.4019	-3.6341	4.4792	-0.6396	-0.8656	0.0
ligand_pose_245	-1.3081	-3.5005	3.0468	-0.5902	-0.7521	0.0
ligand_pose_246	-2.0229	-3.8135	5.0366	-0.8462	-0.2728	0.0
ligand_pose_247	-1.8431	-3.8502	6.4551	-0.8463	-0.6276	0.0
ligand_pose_248	-2.0842	-3.9085	6.044	-0.9578	-0.0	0.0
ligand_pose_249	-2.0922	-3.9621	4.7374	-0.9163	-0.0	0.0
ligand_pose_250	-1.9146	-3.9674	5.7998	-0.8502	-0.2576	0.0
ligand_pose_251	-1.8478	-3.8694	7.6216	-0.7772	-0.5874	0.0
ligand_pose_252	-1.5887	-3.8219	5.3623	-0.746	-0.9445	0.0
ligand_pose_253	-1.4428	-3.4154	2.715	-0.622	-0.8874	0.0
ligand_pose_254	-2.0917	-3.914	5.9643	-0.9578	-0.0	0.0
ligand_pose_255	-2.0974	-3.9675	4.707	-0.9163	-0.0	0.0
ligand_pose_256	-1.9099	-3.9671	5.725	-0.8502	-0.2629	0.0
ligand_pose_257	-1.5717	-3.7322	3.96	-0.6805	-0.0	0.0
ligand_pose_258	-1.5366	-3.5746	3.4604	-0.6351	-0.7341	0.0
ligand_pose_259	-1.611	-3.9108	2.4818	-0.7268	-0.0	0.0
ligand_pose_260	-1.2251	-3.9478	2.4416	-0.7173	-0.0	0.0
ligand_pose_261	-1.3623	-3.8605	1.3031	-0.6965	-0.0	0.0
ligand_pose_262	-1.5515	-3.7246	1.9284	-0.6459	-0.0	0.0
ligand_pose_263	-1.1763	-3.7723	0.9772	-0.6682	-0.0	0.0
ligand_pose_264	-1.0923	-3.6178	1.3756	-0.6195	-0.0	0.0
ligand_pose_265	-2.0279	-3.909	2.9162	-0.8957	-0.032	0.0
ligand_pose_266	-1.9091	-3.9452	3.0565	-0.8992	-0.0	0.0
ligand_pose_267	-1.3073	-3.7196	1.5171	-0.4141	-0.0	0.0
ligand_pose_268	-2.0312	-3.9109	3.5362	-0.8957	-0.3189	0.0
ligand_pose_269	-1.1461	-3.7044	0.8818	-0.4079	-0.0	0.0
ligand_pose_270	-1.9664	-3.8556	4.7575	-0.846	-0.0	0.0
ligand_pose_271	-2.0033	-3.8989	3.0326	-0.8395	-0.0	0.0
ligand_pose_272	-2.0471	-3.9007	3.3387	-0.7734	-0.1909	0.0
ligand_pose_273	-1.6721	-3.754	5.0455	-0.681	-0.0	0.0
ligand_pose_274	-1.7528	-3.6334	6.6987	-0.62	-0.0	0.0
ligand_pose_275	-1.5877	-3.6252	3.4306	-0.6509	-0.0	0.0
ligand_pose_276	-1.608	-3.8646	2.178	-0.7811	-0.0	0.0
ligand_pose_277	-1.7984	-3.8498	2.0336	-0.7453	-0.0	0.0
ligand_pose_278	-1.3049	-3.901	2.6318	-0.7602	-0.0	0.0
ligand_pose_279	-1.4493	-3.7891	0.8656	-0.7192	-0.0	0.0
ligand_pose_280	-1.6699	-3.6727	1.756	-0.6391	-0.0	0.0
ligand_pose_281	-1.7744	-3.6386	5.9097	-0.5416	-0.0	0.0
ligand_pose_282	-1.4421	-3.893	2.9236	-0.7378	-0.4437	0.0
ligand_pose_283	-1.6515	-3.7864	0.9197	-0.6772	-0.0903	0.0
ligand_pose_284	-1.6812	-3.6666	1.7032	-0.6233	-0.0	0.0
ligand_pose_285	-1.5722	-3.5958	6.5513	-0.5263	-0.0	0.0
ligand_pose_286	-1.4743	-3.7702	1.8361	-0.7047	-0.0	0.0
ligand_pose_287	-1.6914	-3.7107	1.9451	-0.6399	-0.0	0.0
ligand_pose_288	-1.3836	-3.6691	0.8635	-0.6805	-0.0	0.0
ligand_pose_289	-1.4573	-3.6306	0.7094	-0.6507	-0.2614	0.0
ligand_pose_290	-1.2925	-3.6352	1.8334	-0.6485	-0.0	0.0
ligand_pose_291	-1.3058	-3.5112	1.1653	-0.6288	-0.3746	0.0
ligand_pose_292	-1.1586	-3.6864	0.6172	-0.4079	-0.0	0.0
ligand_pose_293	-2.0537	-3.9072	5.2279	-0.9604	-0.0	0.0
ligand_pose_294	-1.8237	-3.8999	5.7483	-0.8472	-0.3816	0.0
ligand_pose_295	-2.1008	-3.9249	2.6691	-0.8032	-0.3879	0.0
ligand_pose_296	-1.796	-3.8533	0.9415	-0.7553	-0.0	0.0
ligand_pose_297	-1.8535	-3.8437	2.2172	-0.8156	-0.6256	0.0
ligand_pose_298	-2.2058	-4.021	4.3274	-0.8368	-0.3063	0.0
ligand_pose_299	-1.7983	-3.8333	2.5589	-0.8497	-0.0	0.0
ligand_pose_300	-1.9167	-3.8663	1.1092	-0.8395	-0.0	0.0
ligand_pose_301	-1.9717	-3.8405	1.3765	-0.768	-0.1369	0.0
ligand_pose_302	-1.2861	-3.7261	9.2477	-0.308	-0.0	0.0
ligand_pose_303	-1.7645	-3.8727	2.3107	-0.7551	-0.2061	0.0
ligand_pose_304	-1.7067	-3.7565	5.7731	-0.6801	-0.0	0.0
ligand_pose_305	-1.6027	-3.626	4.0364	-0.6504	-0.0	0.0
ligand_pose_306	-1.8037	-3.8666	1.7404	-0.7444	-0.0	0.0
ligand_pose_307	-1.6296	-3.8605	1.9793	-0.7811	-0.0	0.0
ligand_pose_308	-1.509	-3.8835	2.8733	-0.7372	-0.4437	0.0
ligand_pose_309	-1.6987	-3.7892	0.8276	-0.6765	-0.0903	0.0
ligand_pose_310	-1.6694	-3.6681	1.8657	-0.6226	-0.0	0.0
ligand_pose_311	-1.3563	-3.9033	2.6275	-0.7602	-0.0	0.0
ligand_pose_312	-1.4745	-3.7987	0.8492	-0.7192	-0.0	0.0
ligand_pose_313	-1.6635	-3.6695	1.8901	-0.6391	-0.0	0.0
ligand_pose_314	-1.7391	-3.6272	6.3264	-0.5416	-0.0	0.0
ligand_pose_315	-1.4981	-3.7641	1.848	-0.7047	-0.0	0.0
ligand_pose_316	-1.7004	-3.7143	1.9901	-0.6409	-0.0	0.0
ligand_pose_317	-1.4973	-3.6385	0.707	-0.6504	-0.2614	0.0
ligand_pose_318	-1.4254	-3.6675	0.8635	-0.6805	-0.0	0.0
ligand_pose_319	-1.3031	-3.6506	1.8542	-0.6489	-0.0	0.0
ligand_pose_320	-2.0636	-3.8703	4.6413	-0.9163	-0.5561	0.0
ligand_pose_321	-1.3577	-3.5145	1.1619	-0.6286	-0.3746	0.0
ligand_pose_322	-1.8762	-3.8438	4.8876	-0.8456	-0.0645	0.0
ligand_pose_323	-1.0449	-3.7437	4.665	-0.3613	-0.0	0.0
ligand_pose_324	-1.1939	-3.7451	5.1667	-0.3862	-0.0	0.0
ligand_pose_325	-1.8848	-3.8863	4.2511	-0.7481	-0.0	0.0
ligand_pose_326	-1.7149	-3.8746	5.529	-0.7811	-0.0	0.0
ligand_pose_327	-1.6147	-3.914	3.8782	-0.7394	-0.4642	0.0
ligand_pose_328	-1.7656	-3.8524	2.4212	-0.6796	-0.112	0.0
ligand_pose_329	-1.4489	-3.9457	4.2324	-0.7602	-0.0	0.0
ligand_pose_330	-1.5486	-3.8119	2.6144	-0.7192	-0.0	0.0
ligand_pose_331	-1.7041	-3.698	3.7921	-0.6391	-0.0	0.0
ligand_pose_332	-1.5498	-3.8042	3.8788	-0.7044	-0.0	0.0
ligand_pose_333	-1.7717	-3.7495	4.3582	-0.6366	-0.0	0.0
ligand_pose_334	-1.6117	-3.6829	1.6293	-0.6534	-0.2845	0.0
ligand_pose_335	-1.4969	-3.6952	1.552	-0.6805	-0.0	0.0
ligand_pose_336	-1.3479	-3.6923	2.6737	-0.648	-0.0	0.0
ligand_pose_337	-1.4952	-3.5624	1.7035	-0.6321	-0.3987	0.0
ligand_pose_338	-1.2991	-3.5082	3.7853	-0.5936	-0.5874	0.0
ligand_pose_339	-1.6179	-3.8561	2.7951	-0.7811	-0.0	0.0
ligand_pose_340	-1.811	-3.8533	2.4064	-0.7458	-0.0	0.0
ligand_pose_341	-1.2704	-3.9222	2.8855	-0.7602	-0.0	0.0
ligand_pose_342	-1.4317	-3.7967	1.2249	-0.7192	-0.0	0.0
ligand_pose_343	-1.686	-3.6616	2.0809	-0.6391	-0.0	0.0
ligand_pose_344	-1.8046	-3.6026	5.9563	-0.5416	-0.0	0.0
ligand_pose_345	-1.434	-3.7787	2.0178	-0.7047	-0.0	0.0
ligand_pose_346	-1.6957	-3.7076	2.2078	-0.6398	-0.0	0.0
ligand_pose_347	-1.4481	-3.8903	3.1686	-0.7375	-0.4392	0.0
ligand_pose_348	-1.6597	-3.793	1.1279	-0.6773	-0.0863	0.0
ligand_pose_349	-1.6488	-3.6618	2.0224	-0.6241	-0.0	0.0
ligand_pose_350	-1.5642	-3.5904	7.043	-0.5271	-0.0	0.0
ligand_pose_351	-1.3481	-3.6824	0.9598	-0.6805	-0.0	0.0
ligand_pose_352	-1.2386	-3.6502	1.846	-0.6485	-0.0	0.0
ligand_pose_353	-1.4706	-3.6475	0.7531	-0.6508	-0.2585	0.0
ligand_pose_354	-1.3345	-3.5306	1.1741	-0.629	-0.3729	0.0
ligand_pose_355	-1.4205	-3.7098	2.931	-0.5527	-0.0051	0.0
ligand_pose_356	-1.1919	-3.7241	2.4089	-0.5539	-0.0	0.0
ligand_pose_357	-1.2871	-3.6796	3.1765	-0.5049	-0.0	0.0
ligand_pose_358	-1.4091	-3.6646	4.5754	-0.5197	-0.0	0.0
ligand_pose_359	-1.6769	-3.9543	0.8489	-0.8289	-0.0	0.0
ligand_pose_360	-1.7008	-3.7592	5.6189	-0.6801	-0.0	0.0
ligand_pose_361	-1.6022	-3.6221	3.939	-0.6504	-0.0	0.0
ligand_pose_362	-1.2479	-3.8209	2.162	-0.5274	-0.0	0.0
ligand_pose_363	-1.0954	-3.7712	4.2534	-0.3775	-0.0	0.0
ligand_pose_364	-1.9102	-3.989	2.4629	-0.8375	-0.0	0.0
ligand_pose_365	-1.6906	-3.7377	3.3869	-0.6886	-0.0	0.0
ligand_pose_366	-1.7354	-3.632	5.8875	-0.6262	-0.1501	0.0
ligand_pose_367	-1.6211	-3.6019	2.4727	-0.6565	-0.0	0.0
ligand_pose_368	-1.0662	-3.7892	1.8436	-0.5198	-0.0	0.0
ligand_pose_369	-1.6693	-3.8903	1.4687	-0.7251	-0.0	0.0
ligand_pose_370	-1.3263	-3.9478	2.2862	-0.7152	-0.0	0.0
ligand_pose_371	-1.443	-3.8574	0.8753	-0.6949	-0.0	0.0
ligand_pose_372	-1.5573	-3.723	1.6334	-0.6443	-0.0	0.0
ligand_pose_373	-1.268	-3.7839	0.8983	-0.6664	-0.0	0.0
ligand_pose_374	-1.1708	-3.6439	1.3884	-0.6179	-0.0	0.0
ligand_pose_375	-1.1009	-3.6906	5.0724	-0.3122	-0.0	0.0
ligand_pose_376	-1.072	-3.7349	5.2646	-0.3613	-0.0	0.0
ligand_pose_377	-1.2161	-3.7397	5.4501	-0.3865	-0.0	0.0
ligand_pose_378	-1.2411	-3.9287	2.3431	-0.7042	-0.0	0.0
ligand_pose_379	-1.3379	-3.8261	0.9256	-0.6864	-0.0	0.0
ligand_pose_380	-1.5056	-3.6889	1.4506	-0.6378	-0.0	0.0
ligand_pose_381	-1.1953	-3.7412	0.9368	-0.6578	-0.0	0.0
ligand_pose_382	-1.1233	-3.6025	1.4042	-0.6076	-0.0	0.0
ligand_pose_383	-1.197	-3.7637	6.8446	-0.3613	-0.0	0.0
ligand_pose_384	-1.2401	-3.933	2.3429	-0.706	-0.0	0.0
ligand_pose_385	-1.3344	-3.8223	0.9174	-0.6877	-0.0	0.0
ligand_pose_386	-1.4956	-3.6984	1.4627	-0.639	-0.0	0.0
ligand_pose_387	-1.2079	-3.746	0.9288	-0.6593	-0.0	0.0
ligand_pose_388	-1.147	-3.6006	1.3952	-0.6091	-0.0	0.0
ligand_pose_389	-1.0452	-3.8016	1.8767	-0.5198	-0.0	0.0
ligand_pose_390	-1.0701	-3.7303	4.1569	-0.3613	-0.0	0.0
ligand_pose_391	-1.1771	-3.7365	4.687	-0.3854	-0.0	0.0
ligand_pose_392	-2.0119	-3.9478	3.1386	-0.8992	-0.0	0.0
ligand_pose_393	-1.6822	-3.8118	3.1212	-0.7442	-1.0101	0.0
ligand_pose_394	-1.8099	-3.6902	3.0326	-0.6767	-0.8219	0.0
ligand_pose_395	-1.7377	-3.5717	6.8401	-0.621	-0.8488	0.0
ligand_pose_396	-1.6643	-3.5606	1.3211	-0.6506	-0.7344	0.0
ligand_pose_397	-1.5277	-3.4033	0.9795	-0.6206	-0.4374	0.0
ligand_pose_398	-1.2187	-3.6892	6.9586	-0.3152	-0.0	0.0
ligand_pose_399	-1.8111	-3.8582	1.993	-0.7444	-0.0	0.0
ligand_pose_400	-1.6402	-3.8547	2.0231	-0.7811	-0.0	0.0
ligand_pose_401	-1.5395	-3.8853	2.8784	-0.7372	-0.4437	0.0
ligand_pose_402	-1.6882	-3.7865	1.0026	-0.6765	-0.0903	0.0
ligand_pose_403	-1.6102	-3.6773	2.3253	-0.6226	-0.0	0.0
ligand_pose_404	-1.3696	-3.9151	2.6276	-0.7602	-0.0	0.0
ligand_pose_405	-1.4821	-3.7911	0.912	-0.7192	-0.0	0.0
ligand_pose_406	-1.6548	-3.6639	2.0888	-0.6391	-0.0	0.0
ligand_pose_407	-1.719	-3.6266	6.6273	-0.5416	-0.0	0.0
ligand_pose_408	-1.4884	-3.7689	1.8688	-0.7047	-0.0	0.0
ligand_pose_409	-1.7018	-3.6872	1.9279	-0.6413	-0.0	0.0
ligand_pose_410	-1.5383	-3.6475	0.7336	-0.6504	-0.2614	0.0
ligand_pose_411	-1.4235	-3.6672	0.8896	-0.6805	-0.0	0.0
ligand_pose_412	-1.2976	-3.6447	1.8644	-0.6489	-0.0	0.0
ligand_pose_413	-1.4253	-3.5302	1.1619	-0.6286	-0.3746	0.0
ligand_pose_414	-1.1906	-3.7075	1.1676	-0.4088	-0.0	0.0
ligand_pose_415	-1.8643	-3.8073	1.9321	-0.8507	-0.0	0.0
ligand_pose_416	-1.981	-3.8414	0.7012	-0.8395	-0.0	0.0
ligand_pose_417	-1.9056	-3.8098	0.9612	-0.7656	-0.1068	0.0
ligand_pose_418	-1.1669	-3.6495	0.9718	-0.5412	-0.0	0.0
ligand_pose_419	-1.2185	-3.9296	2.2309	-0.7025	-0.0	0.0
ligand_pose_420	-1.2743	-3.819	0.9327	-0.6853	-0.0	0.0
ligand_pose_421	-1.4617	-3.6848	1.4579	-0.6373	-0.0	0.0
ligand_pose_422	-1.1339	-3.7372	0.9423	-0.6568	-0.0	0.0
ligand_pose_423	-1.0733	-3.5839	1.4031	-0.6062	-0.0	0.0
ligand_pose_424	-1.1777	-3.6563	1.0721	-0.5412	-0.0	0.0
ligand_pose_425	-1.1812	-3.7033	0.6737	-0.4075	-0.0	0.0
ligand_pose_426	-1.2459	-3.6879	6.0685	-0.3152	-0.0	0.0
ligand_pose_427	-1.346	-3.7122	1.1761	-0.5422	-0.0	0.0
ligand_pose_428	-1.0992	-3.7922	1.8436	-0.5198	-0.0	0.0
ligand_pose_429	-1.2146	-3.911	2.2065	-0.706	-0.0	0.0
ligand_pose_430	-1.2738	-3.8179	0.9173	-0.6877	-0.0	0.0
ligand_pose_431	-1.4577	-3.6792	1.4531	-0.639	-0.0	0.0
ligand_pose_432	-1.1463	-3.7317	0.9288	-0.6593	-0.0	0.0
ligand_pose_433	-1.1061	-3.5852	1.3903	-0.6091	-0.0	0.0
ligand_pose_434	-1.6281	-3.6261	3.8566	-0.6558	-0.0	0.0
ligand_pose_435	-2.0237	-3.8003	5.7148	-0.8395	-0.5874	0.0
ligand_pose_436	-1.9862	-3.7409	1.4203	-0.7654	-0.3285	0.0
ligand_pose_437	-1.9945	-3.7967	3.9298	-0.8498	-0.0	0.0
ligand_pose_438	-1.894	-3.8385	3.1961	-0.8395	-0.423	0.0
ligand_pose_439	-1.9437	-3.8022	2.3423	-0.765	-0.5033	0.0
ligand_pose_440	-1.8671	-3.8542	2.4888	-0.8484	-0.0	0.0
ligand_pose_441	-1.9559	-3.8891	1.385	-0.8395	-0.0	0.0
ligand_pose_442	-1.9556	-3.8445	1.7903	-0.7689	-0.1526	0.0
ligand_pose_443	-2.1036	-4.0731	3.5291	-0.8071	-0.2664	0.0
ligand_pose_444	-1.8248	-3.9303	2.9253	-0.7657	-0.0	0.0
ligand_pose_445	-1.7871	-3.6329	7.5081	-0.6214	-0.0	0.0
ligand_pose_446	-1.5648	-3.6143	4.1467	-0.6526	-0.0	0.0
ligand_pose_447	-1.8721	-3.8502	2.4581	-0.8484	-0.0	0.0
ligand_pose_448	-1.9602	-3.8916	1.3751	-0.8395	-0.0	0.0
ligand_pose_449	-1.9552	-3.8421	1.7188	-0.7689	-0.1541	0.0
ligand_pose_450	-2.0588	-3.9949	4.0184	-0.8375	-0.5403	0.0
ligand_pose_451	-1.2622	-3.7464	6.3211	-0.5539	-0.0	0.0
ligand_pose_452	-1.0707	-3.7916	1.9627	-0.5198	-0.0	0.0
ligand_pose_453	-1.372	-3.8866	5.2351	-0.7602	-0.4549	0.0
ligand_pose_454	-1.59	-3.8248	3.4794	-0.7421	-0.6955	0.0
ligand_pose_455	-1.5804	-3.586	2.2317	-0.6494	-0.6351	0.0
ligand_pose_456	-1.4129	-3.4216	1.7882	-0.6208	-0.4919	0.0
ligand_pose_457	-1.7451	-3.8767	0.9018	-0.8175	-0.0296	0.0
ligand_pose_458	-2.0367	-3.993	2.8299	-0.8381	-0.3474	0.0
ligand_pose_459	-1.8661	-3.8602	3.5309	-0.7932	-0.4827	0.0
ligand_pose_460	-1.9683	-3.9338	5.0556	-0.8032	-0.4594	0.0
ligand_pose_461	-1.7432	-3.8771	1.8245	-0.7553	-0.0	0.0
ligand_pose_462	-1.6669	-3.9184	0.8055	-0.8232	-0.0	0.0
ligand_pose_463	-1.8025	-3.8839	1.3338	-0.8186	-0.1774	0.0
ligand_pose_464	-1.731	-3.8742	4.6529	-0.7811	-0.0	0.0
ligand_pose_465	-1.6122	-3.7823	3.1891	-0.7037	-0.0	0.0
ligand_pose_466	-1.7894	-3.7365	3.6103	-0.6357	-0.0	0.0
ligand_pose_467	-2.0461	-3.5771	6.8475	-0.5559	-0.0	0.0
ligand_pose_468	-1.4695	-3.9333	3.452	-0.7602	-0.0	0.0
ligand_pose_469	-1.5505	-3.7969	2.0845	-0.7192	-0.0	0.0
ligand_pose_470	-1.717	-3.7058	3.7799	-0.6391	-0.0	0.0
ligand_pose_471	-1.4148	-3.6846	2.2669	-0.6474	-0.0	0.0
ligand_pose_472	-1.51	-3.7036	1.3547	-0.6805	-0.0	0.0
ligand_pose_473	-1.5901	-3.9298	3.7108	-0.7409	-0.4597	0.0
ligand_pose_474	-1.755	-3.8442	2.5493	-0.6806	-0.108	0.0
ligand_pose_475	-1.5964	-3.6719	1.6195	-0.6542	-0.2816	0.0
ligand_pose_476	-1.4631	-3.5876	1.6497	-0.6326	-0.3971	0.0
ligand_pose_477	-1.4071	-3.6629	5.0469	-0.5199	-0.0	0.0
ligand_pose_478	-1.0569	-3.7049	2.1165	-0.5539	-0.0	0.0
ligand_pose_479	-1.2898	-3.6686	2.29	-0.5516	-0.0	0.0
ligand_pose_480	-1.1284	-3.6621	2.8446	-0.5051	-0.0	0.0
ligand_pose_481	-1.8405	-3.8133	2.2344	-0.8498	-0.0	0.0
ligand_pose_482	-1.9451	-3.8616	1.5681	-0.8395	-0.0	0.0
ligand_pose_483	-1.916	-3.8291	1.6585	-0.7659	-0.252	0.0
ligand_pose_484	-1.1271	-3.6622	0.9784	-0.541	-0.0	0.0
ligand_pose_485	-1.8768	-3.964	0.9955	-0.8339	-0.0	0.0
ligand_pose_486	-1.3038	-3.8565	3.0887	-0.6805	-0.4826	0.0
ligand_pose_487	-1.4027	-3.7466	3.0918	-0.6692	-0.5874	0.0
ligand_pose_488	-1.2322	-3.6227	1.8706	-0.6389	-0.455	0.0
ligand_pose_489	-1.1431	-3.4732	1.6819	-0.588	-0.1028	0.0
ligand_pose_490	-1.3104	-3.7164	9.7727	-0.3071	-0.0	0.0
ligand_pose_491	-1.3585	-3.8492	3.0768	-0.6819	-0.2147	0.0
ligand_pose_492	-1.3136	-3.6441	2.3955	-0.64	-0.3373	0.0
ligand_pose_493	-1.1744	-3.5167	2.205	-0.589	-0.0818	0.0
ligand_pose_494	-1.6312	-3.8436	2.1214	-0.7811	-0.0	0.0
ligand_pose_495	-1.8122	-3.8455	2.0524	-0.7444	-0.0	0.0
ligand_pose_496	-1.4365	-3.7726	1.9805	-0.7046	-0.0	0.0
ligand_pose_497	-1.7066	-3.7175	1.9753	-0.6412	-0.0	0.0
ligand_pose_498	-1.3407	-3.9123	2.6658	-0.7602	-0.0	0.0
ligand_pose_499	-1.4774	-3.7883	0.8756	-0.7192	-0.0	0.0
ligand_pose_500	-1.6571	-3.6746	1.9688	-0.6391	-0.0	0.0
ligand_pose_501	-1.7444	-3.6176	6.4237	-0.5416	-0.0	0.0
ligand_pose_502	-1.5438	-3.8833	2.892	-0.7372	-0.4437	0.0
ligand_pose_503	-1.6814	-3.7936	1.105	-0.6765	-0.0903	0.0
ligand_pose_504	-1.6196	-3.6752	2.4988	-0.6226	-0.0	0.0
ligand_pose_505	-1.2313	-3.641	1.8709	-0.6485	-0.0	0.0
ligand_pose_506	-1.3982	-3.6622	0.8701	-0.6805	-0.0	0.0
ligand_pose_507	-1.5076	-3.6408	0.8099	-0.6504	-0.2614	0.0
ligand_pose_508	-1.3999	-3.5148	1.1647	-0.6286	-0.3746	0.0
ligand_pose_509	-1.1552	-3.668	1.2419	-0.5406	-0.0	0.0
ligand_pose_510	-1.422	-3.6644	5.681	-0.5189	-0.0	0.0
ligand_pose_511	-1.3192	-3.6609	2.2853	-0.5512	-0.0	0.0
ligand_pose_512	-1.0609	-3.6991	2.1165	-0.5539	-0.0	0.0
ligand_pose_513	-1.1346	-3.6698	2.8639	-0.5053	-0.0	0.0
ligand_pose_514	-1.8016	-3.8079	5.8233	-0.8502	-0.5874	0.0
ligand_pose_515	-1.9165	-3.8383	1.9403	-0.8395	-0.5005	0.0
ligand_pose_516	-1.9221	-3.7912	1.05	-0.7641	-0.08	0.0
ligand_pose_517	-1.4273	-3.7094	3.294	-0.5527	-0.0051	0.0
ligand_pose_518	-1.1674	-3.7188	2.8357	-0.5539	-0.0	0.0
ligand_pose_519	-1.2324	-3.6854	3.592	-0.5052	-0.0	0.0
ligand_pose_520	-1.0436	-3.7063	2.2143	-0.5539	-0.0	0.0
ligand_pose_521	-1.1054	-3.6738	2.8581	-0.5051	-0.0	0.0
ligand_pose_522	-1.3135	-3.6691	2.3568	-0.5516	-0.0	0.0
ligand_pose_523	-1.2033	-3.7435	4.7106	-0.3854	-0.0	0.0
ligand_pose_524	-1.1136	-3.7101	4.128	-0.3613	-0.0	0.0
ligand_pose_525	-1.1654	-3.6757	4.517	-0.3119	-0.0	0.0
ligand_pose_526	-1.2285	-3.6867	5.9602	-0.3165	-0.0	0.0
ligand_pose_527	-1.1564	-3.9085	2.2074	-0.706	-0.0	0.0
ligand_pose_528	-1.2518	-3.8174	0.9177	-0.6877	-0.0	0.0
ligand_pose_529	-1.4501	-3.6846	1.4557	-0.639	-0.0	0.0
ligand_pose_530	-1.1	-3.719	0.9288	-0.6593	-0.0	0.0
ligand_pose_531	-1.043	-3.5846	1.3903	-0.6091	-0.0	0.0
ligand_pose_532	-1.428	-3.6674	5.5681	-0.5189	-0.0	0.0
ligand_pose_533	-1.1071	-3.7542	3.3967	-0.3756	-0.0	0.0
ligand_pose_534	-1.3552	-3.9734	2.4456	-0.7275	-0.0	0.0
ligand_pose_535	-1.4961	-3.8625	1.7384	-0.704	-0.0	0.0
ligand_pose_536	-1.6732	-3.7645	3.4721	-0.6524	-0.0	0.0
ligand_pose_537	-1.3538	-3.7965	1.0758	-0.6762	-0.0	0.0
ligand_pose_538	-1.2512	-3.6613	1.4104	-0.6284	-0.0	0.0
ligand_pose_539	-1.438	-3.6542	3.8784	-0.5269	-0.0	0.0
ligand_pose_540	-0.9333	-3.7125	3.3492	-0.3708	-0.0	0.0
ligand_pose_541	-1.1111	-3.7875	1.8626	-0.5177	-0.0	0.0
ligand_pose_542	-1.0439	-3.7762	1.9553	-0.5088	-0.0	0.0
ligand_pose_543	-1.0465	-3.7467	1.9359	-0.5108	-0.0	0.0
ligand_pose_544	-0.9346	-3.715	3.3492	-0.3708	-0.0	0.0
ligand_pose_545	-1.7572	-3.8991	0.8724	-0.8232	-0.0	0.0
ligand_pose_546	-1.4208	-3.5985	5.2406	-0.5535	-0.5874	0.0
ligand_pose_547	-1.8196	-3.9107	2.653	-0.8078	-0.5478	0.0
ligand_pose_548	-1.6166	-3.8192	0.9595	-0.7586	-0.0	0.0
ligand_pose_549	-1.7958	-3.9616	0.8535	-0.8293	-0.0	0.0
ligand_pose_550	-1.8015	-3.9626	0.8502	-0.8293	-0.0	0.0
ligand_pose_551	-1.3203	-3.6706	2.3262	-0.5512	-0.0	0.0
ligand_pose_552	-1.0633	-3.7025	2.1283	-0.5539	-0.0	0.0
ligand_pose_553	-1.124	-3.6698	2.8775	-0.5054	-0.0	0.0
ligand_pose_554	-1.6799	-3.812	1.7629	-0.7811	-0.0	0.0
ligand_pose_555	-1.7891	-3.7873	1.5466	-0.7437	-0.0	0.0
ligand_pose_556	-1.4912	-3.7311	1.8717	-0.7037	-0.0	0.0
ligand_pose_557	-1.7428	-3.6966	2.5288	-0.6431	-0.0712	0.0
ligand_pose_558	-1.243	-3.8863	2.6237	-0.7602	-0.0	0.0
ligand_pose_559	-1.4808	-3.7341	0.8296	-0.7192	-0.0	0.0
ligand_pose_560	-1.6929	-3.6503	1.9876	-0.6391	-0.0	0.0
ligand_pose_561	-1.3867	-3.874	2.6875	-0.7375	-0.4141	0.0
ligand_pose_562	-1.6108	-3.7474	0.7827	-0.6752	-0.0606	0.0
ligand_pose_563	-1.6002	-3.6303	1.6447	-0.62	-0.0	0.0
ligand_pose_564	-1.5192	-3.5532	6.5947	-0.5232	-0.0	0.0
ligand_pose_565	-1.2881	-3.5798	1.9966	-0.6471	-0.0	0.0
ligand_pose_566	-1.3726	-3.6212	0.8636	-0.6805	-0.0	0.0
ligand_pose_567	-1.4021	-3.6144	0.6422	-0.6489	-0.2325	0.0
ligand_pose_568	-1.2753	-3.4672	1.055	-0.625	-0.3471	0.0
ligand_pose_569	-1.0344	-3.6507	0.7433	-0.4059	-0.0	0.0
ligand_pose_570	-0.9889	-3.7534	1.9617	-0.508	-0.0	0.0
ligand_pose_571	-1.0601	-3.6477	0.7206	-0.4059	-0.0	0.0
ligand_pose_572	-1.2226	-3.7053	0.7184	-0.4069	-0.0	0.0
ligand_pose_573	-0.9566	-3.7169	3.3492	-0.3708	-0.0	0.0
ligand_pose_574	-0.9931	-3.7427	1.9357	-0.5108	-0.0	0.0
ligand_pose_575	-1.4058	-3.6478	5.0346	-0.5258	-0.0	0.0
ligand_pose_576	-1.3399	-3.8677	5.1017	-0.7602	-0.5874	0.0
ligand_pose_577	-1.47	-3.5923	4.1051	-0.6805	-0.5874	0.0
ligand_pose_578	-1.5437	-3.7972	2.5651	-0.7408	-0.3595	0.0
ligand_pose_579	-1.6813	-3.694	1.4636	-0.6748	-0.2912	0.0
ligand_pose_580	-1.5788	-3.5657	4.0212	-0.6178	-0.5291	0.0
ligand_pose_581	-1.5021	-3.5571	0.7292	-0.6488	-0.184	0.0
ligand_pose_582	-1.3641	-3.3896	0.9128	-0.6208	-0.3046	0.0
ligand_pose_583	-1.5908	-3.7156	3.3321	-0.7006	-0.0	0.0
ligand_pose_584	-1.6455	-3.8126	4.2042	-0.7811	-0.1874	0.0
ligand_pose_585	-1.3578	-3.8781	3.0559	-0.7602	-0.0	0.0
ligand_pose_586	-1.4973	-3.7477	2.4892	-0.7192	-0.2249	0.0
ligand_pose_587	-1.4924	-3.6331	1.8916	-0.6805	-0.1979	0.0
ligand_pose_588	-1.5394	-3.8247	2.7559	-0.7391	-0.3868	0.0
ligand_pose_589	-1.7413	-3.7421	1.7269	-0.6745	-0.2595	0.0
ligand_pose_590	-1.556	-3.5841	1.2336	-0.6487	-0.2821	0.0
ligand_pose_591	-1.3796	-3.4135	1.3505	-0.6222	-0.326	0.0
ligand_pose_592	-1.4964	-3.7773	1.9106	-0.7039	-0.0	0.0
ligand_pose_593	-1.7153	-3.6868	2.1918	-0.6394	-0.0	0.0
ligand_pose_594	-1.6481	-3.8485	2.4043	-0.7811	-0.0	0.0
ligand_pose_595	-1.3098	-3.6319	1.8484	-0.6472	-0.0	0.0
ligand_pose_596	-1.3707	-3.8944	2.6698	-0.7602	-0.0	0.0
ligand_pose_597	-1.4948	-3.7839	1.1797	-0.7192	-0.0	0.0
ligand_pose_598	-1.6813	-3.6542	2.6523	-0.6391	-0.0	0.0
ligand_pose_599	-1.8228	-3.8506	2.4639	-0.746	-0.0	0.0
ligand_pose_600	-1.4242	-3.6719	1.0662	-0.6805	-0.0	0.0
ligand_pose_601	-1.5351	-3.8763	2.9855	-0.7383	-0.4392	0.0
ligand_pose_602	-1.6824	-3.7849	1.33	-0.6773	-0.0863	0.0
ligand_pose_603	-1.607	-3.6738	3.1899	-0.6243	-0.2088	0.0
ligand_pose_604	-1.5258	-3.6502	0.9317	-0.6513	-0.2585	0.0
ligand_pose_605	-1.4247	-3.5135	1.2416	-0.6284	-0.3729	0.0
ligand_pose_606	-1.6507	-3.8215	4.2482	-0.7048	-0.0	0.0
ligand_pose_607	-2.1023	-3.9887	3.2937	-0.8033	-0.5408	0.0
ligand_pose_608	-1.9157	-3.8954	1.1094	-0.7584	-0.0	0.0
ligand_pose_609	-1.3647	-3.7243	2.6496	-0.553	-0.0	0.0
ligand_pose_610	-1.36	-3.6602	5.7834	-0.5216	-0.0	0.0
ligand_pose_611	-1.4984	-3.7764	1.904	-0.7039	-0.0	0.0
ligand_pose_612	-1.7159	-3.6946	2.216	-0.6394	-0.0	0.0
ligand_pose_613	-1.6517	-3.8539	2.3948	-0.7811	-0.0	0.0
ligand_pose_614	-1.3139	-3.6282	1.8517	-0.6472	-0.0	0.0
ligand_pose_615	-1.3701	-3.8969	2.672	-0.7602	-0.0	0.0
ligand_pose_616	-1.4942	-3.7833	1.1779	-0.7192	-0.0	0.0
ligand_pose_617	-1.6779	-3.6515	2.6395	-0.6391	-0.0	0.0
ligand_pose_618	-1.8211	-3.8514	2.4023	-0.746	-0.0	0.0
ligand_pose_619	-1.4275	-3.6656	1.0549	-0.6805	-0.0	0.0
ligand_pose_620	-1.5347	-3.876	2.9634	-0.7383	-0.4392	0.0
ligand_pose_621	-1.6848	-3.7848	1.2766	-0.6773	-0.0863	0.0
ligand_pose_622	-1.6137	-3.6773	3.094	-0.6243	-0.2052	0.0
ligand_pose_623	-1.5288	-3.6502	0.9026	-0.6513	-0.2585	0.0
ligand_pose_624	-1.4226	-3.5113	1.2384	-0.6284	-0.3729	0.0
ligand_pose_625	-1.2321	-3.7531	6.4683	-0.3613	-0.0	0.0
ligand_pose_626	-0.9513	-3.7069	3.3476	-0.3708	-0.0	0.0
ligand_pose_627	-1.7787	-3.9685	2.1071	-0.8339	-0.2703	0.0
ligand_pose_628	-1.8104	-3.8337	1.2823	-0.7863	-0.0	0.0
ligand_pose_629	-1.193	-3.8631	2.3552	-0.6828	-0.0	0.0
ligand_pose_630	-1.3277	-3.7513	1.1987	-0.6703	-0.0	0.0
ligand_pose_631	-1.4345	-3.5968	2.4282	-0.6254	-0.2389	0.0
ligand_pose_632	-1.1661	-3.6511	1.0239	-0.6414	-0.0	0.0
ligand_pose_633	-1.0768	-3.5024	1.465	-0.5897	-0.0	0.0
ligand_pose_634	-1.2839	-3.7108	7.5107	-0.5871	-0.7875	0.0
ligand_pose_635	-1.1654	-3.6596	0.9861	-0.541	-0.0	0.0
ligand_pose_636	-1.1341	-3.8937	2.2829	-0.6926	-0.0	0.0
ligand_pose_637	-1.2617	-3.7852	0.9525	-0.6779	-0.0	0.0
ligand_pose_638	-1.4331	-3.6546	1.4878	-0.6317	-0.0	0.0
ligand_pose_639	-1.1066	-3.6956	0.9629	-0.6496	-0.0	0.0
ligand_pose_640	-1.0359	-3.5313	1.4214	-0.5985	-0.0	0.0
ligand_pose_641	-1.2279	-3.8564	2.3932	-0.685	-0.0	0.0
ligand_pose_642	-1.4209	-3.7524	1.4356	-0.6721	-0.0	0.0
ligand_pose_643	-1.2112	-3.6542	1.2802	-0.6432	-0.0	0.0
ligand_pose_644	-1.0985	-3.5139	1.5761	-0.5919	-0.0	0.0
ligand_pose_645	-1.2917	-3.681	3.2925	-0.5048	-0.0	0.0
ligand_pose_646	-1.182	-3.7239	2.6503	-0.5539	-0.0	0.0
ligand_pose_647	-1.4334	-3.7159	3.2874	-0.553	-0.0012	0.0
ligand_pose_648	-1.2498	-3.6805	6.3197	-0.3167	-0.0	0.0
ligand_pose_649	-0.9588	-3.6842	4.092	-0.3613	-0.0	0.0
ligand_pose_650	-1.0681	-3.6806	4.3236	-0.3856	-0.0	0.0
ligand_pose_651	-1.4644	-3.7423	2.0021	-0.7034	-0.0	0.0
ligand_pose_652	-1.7446	-3.6621	2.6656	-0.642	-0.0	0.0
ligand_pose_653	-1.6545	-3.8242	2.515	-0.7811	-0.0	0.0
ligand_pose_654	-1.262	-3.6007	2.0657	-0.6462	-0.0	0.0
ligand_pose_655	-1.2804	-3.9009	2.7354	-0.7602	-0.0	0.0
ligand_pose_656	-1.4852	-3.7511	1.3002	-0.7192	-0.0	0.0
ligand_pose_657	-1.6277	-3.6449	3.1086	-0.6391	-0.0934	0.0
ligand_pose_658	-1.7982	-3.8256	2.2739	-0.7446	-0.0	0.0
ligand_pose_659	-1.4336	-3.649	1.0871	-0.6805	-0.0	0.0
ligand_pose_660	-1.512	-3.8834	2.7014	-0.7381	-0.4096	0.0
ligand_pose_661	-1.6931	-3.7752	1.1795	-0.6757	-0.0567	0.0
ligand_pose_662	-1.5281	-3.6053	0.8731	-0.6493	-0.2296	0.0
ligand_pose_663	-1.3782	-3.4572	1.2106	-0.625	-0.3455	0.0
ligand_pose_664	-1.7643	-3.9769	2.6664	-0.8339	-0.4935	0.0
ligand_pose_665	-1.6601	-3.837	3.2528	-0.7863	-0.5874	0.0
ligand_pose_666	-1.0001	-3.6634	0.7261	-0.4058	-0.0	0.0
ligand_pose_667	-1.6552	-3.9067	1.5639	-0.7268	-0.0	0.0
ligand_pose_668	-1.3151	-3.9385	2.1652	-0.7179	-0.0	0.0
ligand_pose_669	-1.4229	-3.8555	0.906	-0.6967	-0.0	0.0
ligand_pose_670	-1.5765	-3.7261	1.7416	-0.6458	-0.0	0.0
ligand_pose_671	-1.2698	-3.7699	0.8943	-0.6686	-0.0	0.0
ligand_pose_672	-1.196	-3.638	1.3726	-0.6194	-0.0	0.0
ligand_pose_673	-1.1602	-3.6714	4.594	-0.4945	-0.5874	0.0
ligand_pose_674	-1.1025	-3.682	2.8775	-0.5053	-0.0	0.0
ligand_pose_675	-1.0757	-3.6963	2.1167	-0.5539	-0.0	0.0
ligand_pose_676	-1.2987	-3.6722	2.3965	-0.5512	-0.0	0.0
ligand_pose_677	-1.0589	-3.6502	0.7579	-0.4056	-0.0	0.0
ligand_pose_678	-1.2667	-3.6694	6.8309	-0.315	-0.0	0.0
ligand_pose_679	-1.0892	-3.6823	4.315	-0.3852	-0.0	0.0
ligand_pose_680	-0.9607	-3.6785	4.092	-0.3613	-0.0	0.0
ligand_pose_681	-1.5941	-3.8229	3.9814	-0.7811	-0.5471	0.0
ligand_pose_682	-1.7968	-3.8108	1.8458	-0.7435	-0.0	0.0
ligand_pose_683	-1.362	-3.8779	2.8614	-0.7602	-0.0305	0.0
ligand_pose_684	-1.5044	-3.7532	2.0112	-0.7192	-0.3765	0.0
ligand_pose_685	-1.4369	-3.8486	2.5588	-0.7381	-0.3868	0.0
ligand_pose_686	-1.6392	-3.7251	0.8385	-0.6742	-0.0343	0.0
ligand_pose_687	-1.5776	-3.599	2.3909	-0.6181	-0.0	0.0
ligand_pose_688	-1.5499	-3.5205	7.9969	-0.5225	-0.2115	0.0
ligand_pose_689	-1.4592	-3.6209	1.4921	-0.6805	-0.1527	0.0
ligand_pose_690	-1.4427	-3.5703	0.6001	-0.6483	-0.2083	0.0
ligand_pose_691	-1.3057	-3.4259	0.9745	-0.6221	-0.326	0.0
ligand_pose_692	-1.2058	-3.7189	4.9968	-0.3854	-0.0	0.0
ligand_pose_693	-1.1214	-3.7147	4.2699	-0.3613	-0.0	0.0
ligand_pose_694	-1.163	-3.6827	4.5975	-0.3122	-0.0	0.0
ligand_pose_695	-0.9652	-3.6865	4.092	-0.3613	-0.0	0.0
ligand_pose_696	-1.1027	-3.6951	4.3528	-0.3856	-0.0	0.0
ligand_pose_697	-0.9714	-3.754	1.9358	-0.5108	-0.0	0.0
ligand_pose_698	-1.2702	-3.6717	6.771	-0.315	-0.0	0.0
ligand_pose_699	-1.1958	-3.8215	2.1198	-0.5293	-0.0	0.0
ligand_pose_700	-1.2536	-3.6528	5.5497	-0.3255	-0.0	0.0
ligand_pose_701	-0.9527	-3.7084	3.3763	-0.3685	-0.0	0.0
ligand_pose_702	-0.9259	-3.6705	3.4858	-0.3606	-0.0	0.0
ligand_pose_703	-0.9336	-3.6577	3.4583	-0.3629	-0.0	0.0
ligand_pose_704	-1.7651	-3.9367	1.9705	-0.8155	-0.2303	0.0
ligand_pose_705	-1.5352	-3.8102	0.9332	-0.766	-0.0	0.0
ligand_pose_706	-1.1905	-3.8917	2.2781	-0.6926	-0.0	0.0
ligand_pose_707	-1.3377	-3.7698	0.9836	-0.6779	-0.0	0.0
ligand_pose_708	-1.5449	-3.6493	1.8463	-0.6317	-0.0	0.0
ligand_pose_709	-1.1637	-3.6729	0.9727	-0.6496	-0.0	0.0
ligand_pose_710	-1.0823	-3.5295	1.4213	-0.5985	-0.0	0.0
ligand_pose_711	-1.0661	-3.6316	0.9871	-0.5445	-0.0	0.0
ligand_pose_712	-1.2557	-3.9206	2.2161	-0.706	-0.0	0.0
ligand_pose_713	-1.3576	-3.824	0.9111	-0.6879	-0.0	0.0
ligand_pose_714	-1.5354	-3.7099	1.5504	-0.6393	-0.0	0.0
ligand_pose_715	-1.2112	-3.7525	0.9211	-0.6597	-0.0	0.0
ligand_pose_716	-1.1331	-3.5917	1.3813	-0.6096	-0.0	0.0
ligand_pose_717	-1.256	-3.9233	2.2234	-0.706	-0.0	0.0
ligand_pose_718	-1.3628	-3.8277	0.9111	-0.6879	-0.0	0.0
ligand_pose_719	-1.5386	-3.7074	1.5532	-0.6393	-0.0	0.0
ligand_pose_720	-1.2157	-3.7496	0.9211	-0.6597	-0.0	0.0
ligand_pose_721	-1.1383	-3.5889	1.3813	-0.6096	-0.0	0.0
ligand_pose_722	-1.1047	-3.6872	4.315	-0.3852	-0.0	0.0
ligand_pose_723	-0.9618	-3.685	4.092	-0.3613	-0.0	0.0
ligand_pose_724	-1.1407	-3.6285	2.9536	-0.5038	-0.0	0.0
ligand_pose_725	-1.0587	-3.6627	2.1187	-0.5539	-0.0	0.0
ligand_pose_726	-1.2412	-3.6187	2.2069	-0.5512	-0.0	0.0
ligand_pose_727	-1.9774	-3.9444	4.6565	-0.8038	-0.7161	0.0
ligand_pose_728	-1.7764	-3.8552	1.8578	-0.756	-0.0	0.0
ligand_pose_729	-0.8842	-3.6698	3.4897	-0.3604	-0.0	0.0
ligand_pose_730	-1.3115	-3.6256	7.3405	-0.3326	-0.0	0.0
ligand_pose_731	-1.717	-3.9737	1.9446	-0.8256	-0.2513	0.0
ligand_pose_732	-1.6171	-3.8308	1.0928	-0.7772	-0.0	0.0
ligand_pose_733	-1.9775	-3.942	4.6313	-0.8038	-0.7416	0.0
ligand_pose_734	-1.7732	-3.856	1.8383	-0.756	-0.0001	0.0
ligand_pose_735	-0.8936	-3.6538	3.4584	-0.3629	-0.0	0.0
ligand_pose_736	-1.627	-3.9735	1.9511	-0.8271	-0.2513	0.0
ligand_pose_737	-1.5479	-3.8354	1.0072	-0.7788	-0.0	0.0
ligand_pose_738	-1.1925	-3.6412	6.4672	-0.3244	-0.0	0.0
ligand_pose_739	-1.3355	-3.5923	3.0614	-0.5519	-0.2256	0.0
ligand_pose_740	-1.2491	-3.6213	3.8504	-0.5021	-0.0	0.0
ligand_pose_741	-1.1876	-3.6683	3.0144	-0.5539	-0.0	0.0
ligand_pose_742	-1.4061	-3.615	2.8595	-0.5514	-0.0	0.0
ligand_pose_743	-1.1436	-3.6592	2.8462	-0.5042	-0.0	0.0
ligand_pose_744	-1.07	-3.6923	2.2664	-0.5539	-0.0	0.0
ligand_pose_745	-1.3386	-3.6631	2.4972	-0.5519	-0.0	0.0
ligand_pose_746	-1.3184	-3.6926	0.9648	-0.5445	-0.0	0.0
ligand_pose_747	-1.2733	-3.7309	1.3921	-0.4158	-0.0	0.0
ligand_pose_748	-1.2165	-3.6917	6.5548	-0.3183	-0.0	0.0
ligand_pose_749	-1.1442	-3.658	2.8461	-0.5042	-0.0	0.0
ligand_pose_750	-1.0701	-3.695	2.2604	-0.5539	-0.0	0.0
ligand_pose_751	-1.3415	-3.6628	2.4645	-0.5519	-0.0	0.0
ligand_pose_752	-1.3668	-3.6724	2.1172	-0.5774	-0.0306	0.0
ligand_pose_753	-1.0648	-3.6657	2.3277	-0.4954	-0.0	0.0
ligand_pose_754	-1.2515	-3.6925	5.62	-0.4471	-0.5874	0.0
ligand_pose_755	-1.052	-3.6572	0.6041	-0.4058	-0.0	0.0
ligand_pose_756	-1.0017	-3.6947	2.0058	-0.5016	-0.0	0.0
ligand_pose_757	-1.1356	-3.6723	2.394	-0.4964	-0.0	0.0
ligand_pose_758	-1.1674	-3.6663	4.5671	-0.3122	-0.0	0.0
ligand_pose_759	-1.0986	-3.7122	4.2522	-0.3613	-0.0	0.0
ligand_pose_760	-1.2342	-3.7272	4.9164	-0.3865	-0.0	0.0
ligand_pose_761	-1.1011	-3.6419	2.9731	-0.5036	-0.0	0.0
ligand_pose_762	-1.0935	-3.6765	2.3065	-0.5539	-0.0	0.0
ligand_pose_763	-1.3569	-3.6355	2.3775	-0.5518	-0.0	0.0
ligand_pose_764	-1.1002	-3.7716	1.8552	-0.52	-0.0	0.0
ligand_pose_765	-0.9639	-3.6837	4.092	-0.3613	-0.0	0.0
ligand_pose_766	-1.0817	-3.6946	4.321	-0.3852	-0.0	0.0
ligand_pose_767	-1.7871	-3.9225	3.162	-0.8089	-0.2269	0.0
ligand_pose_768	-1.5801	-3.8321	1.1051	-0.7598	-0.0	0.0
ligand_pose_769	-1.1818	-3.6825	3.1289	-0.5539	-0.1933	0.0
ligand_pose_770	-1.2762	-3.612	2.2339	-0.5514	-0.0	0.0
ligand_pose_771	-1.7389	-3.9506	1.8216	-0.8167	-0.232	0.0
ligand_pose_772	-1.4866	-3.8121	0.9392	-0.7671	-0.0	0.0
ligand_pose_773	-0.8766	-3.6636	3.4585	-0.3629	-0.0	0.0
ligand_pose_774	-1.0789	-3.765	3.2902	-0.3783	-0.0	0.0
ligand_pose_775	-1.0361	-3.6032	1.043	-0.5526	-0.0	0.0
ligand_pose_776	-1.0674	-3.6817	2.0068	-0.5016	-0.0	0.0
ligand_pose_777	-0.9726	-3.6267	0.6048	-0.4085	-0.0	0.0
ligand_pose_778	-1.0532	-3.7566	1.9259	-0.511	-0.0	0.0
ligand_pose_779	-1.0585	-3.7572	1.9259	-0.511	-0.0	0.0
ligand_pose_780	-0.9855	-3.6327	4.092	-0.3613	-0.0	0.0
ligand_pose_781	-1.034	-3.6481	4.1638	-0.3867	-0.0	0.0
ligand_pose_782	-1.1586	-3.6565	1.0641	-0.5414	-0.0	0.0
ligand_pose_783	-1.2492	-3.6197	1.6163	-0.5649	-0.0503	0.0
ligand_pose_784	-1.1598	-3.6564	1.068	-0.5414	-0.0	0.0
ligand_pose_785	-1.2027	-3.5996	1.0776	-0.5666	-0.0	0.0
ligand_pose_786	-1.1498	-3.6154	4.5098	-0.3613	-0.0	0.0
ligand_pose_787	-0.9777	-3.674	4.1039	-0.3613	-0.0	0.0
ligand_pose_788	-1.1395	-3.6996	4.3481	-0.3864	-0.0	0.0
ligand_pose_789	-1.1533	-3.6846	0.7259	-0.4088	-0.0	0.0
ligand_pose_790	-0.9792	-3.6738	4.1016	-0.3613	-0.0	0.0
ligand_pose_791	-1.1416	-3.6993	4.336	-0.3864	-0.0	0.0
ligand_pose_792	-1.3001	-3.6122	1.1837	-0.4387	-0.0	0.0
ligand_pose_793	-0.9881	-3.5866	3.8431	-0.3497	-0.0	0.0
ligand_pose_794	-0.9158	-3.6139	3.542	-0.3557	-0.0	0.0
ligand_pose_795	-1.0129	-3.6032	3.8906	-0.3499	-0.0	0.0
ligand_pose_796	-1.0256	-3.6406	4.1094	-0.3613	-0.0	0.0
ligand_pose_797	-1.1357	-3.6624	4.246	-0.3871	-0.0	0.0
ligand_pose_798	-0.954	-3.7022	3.3619	-0.3708	-0.0	0.0
ligand_pose_799	-1.0597	-3.6446	0.9919	-0.5458	-0.0	0.0
ligand_pose_800	-1.1307	-3.6478	4.8663	-0.3613	-0.0	0.0
ligand_pose_801	-1.007	-3.6188	1.0482	-0.5539	-0.0	0.0
ligand_pose_802	-0.9476	-3.5674	0.6013	-0.4159	-0.0	0.0
ligand_pose_803	-0.9664	-3.5783	3.5413	-0.3557	-0.0	0.0
ligand_pose_804	-0.9271	-3.6583	3.4439	-0.3639	-0.0	0.0
ligand_pose_805	-0.932	-3.6586	3.4439	-0.3639	-0.0	0.0
ligand_pose_806	-1.0606	-3.6545	0.6501	-0.4061	-0.0	0.0
ligand_pose_807	-1.1258	-3.5835	1.0173	-0.4272	-0.0	0.0
ligand_pose_808	-1.0616	-3.6542	0.6556	-0.4061	-0.0	0.0
ligand_pose_809	-1.0753	-3.5509	0.5924	-0.429	-0.0	0.0
ligand_pose_810	-0.9429	-3.6191	0.6025	-0.4098	-0.0	0.0
ligand_pose_811	-0.9181	-3.577	0.6015	-0.4171	-0.0	0.0
