ARG	Vdw
ARG_0	-1012.0982
ARG_1	-1015.3377
ARG_2	-1016.1804
ARG_3	-1015.7274
ARG_4	-1015.5848
ARG_5	-1016.232
ARG_6	-1016.0304
ARG_7	-1015.3677
ARG_8	-1015.9572
ARG_9	-1015.9693
ARG_10	-1013.2968
ARG_11	-1013.398
ARG_12	-1014.829
ARG_13	-1013.4833
ARG_14	-1014.5732
ARG_15	-1015.4071
ARG_16	-1013.419
ARG_17	-1014.6344
ARG_18	-1015.286
ARG_19	-950.0907
ARG_20	-939.1498
ARG_21	-961.8842
ARG_22	-1002.1918
ARG_23	-977.1617
ARG_24	-938.5226
ARG_25	-1013.0533
ARG_26	-1009.3474
ARG_27	-992.3097
ARG_28	-1012.1232
ARG_29	-1011.7503
ARG_30	-1011.3949
ARG_31	-1012.0087
ARG_32	-1011.2737
ARG_33	-1010.6421
ARG_34	-1010.5958
ARG_35	-1008.8687
ARG_36	-1007.6669
ARG_37	-1011.2806
ARG_38	-1011.319
ARG_39	-1011.2298
ARG_40	-1011.3072
ARG_41	-1011.46
ARG_42	-1011.5342
ARG_43	-1011.1972
ARG_44	-1011.4147
ARG_45	-1011.5629
ARG_46	-992.7982
ARG_47	-1002.4915
ARG_48	-1007.4082
ARG_49	-955.5828
ARG_50	-961.5262
ARG_51	-977.3827
ARG_52	-975.0545
ARG_53	-946.0224
ARG_54	-958.4828
ARG_55	-1015.104
ARG_56	-1015.0393
ARG_57	-1014.0678
ARG_58	-1011.5689
ARG_59	-1014.3533
ARG_60	-1013.7553
ARG_61	-997.8106
ARG_62	-1009.0673
ARG_63	-1010.5327
ARG_64	-1011.1837
ARG_65	-1011.31
ARG_66	-1011.3082
ARG_67	-1011.31
ARG_68	-1011.6578
ARG_69	-1011.9916
ARG_70	-1011.2437
ARG_71	-1011.7027
ARG_72	-1012.1605
ARG_73	-1001.6422
ARG_74	-990.0925
ARG_75	-977.4196
ARG_76	-1012.3911
ARG_77	-1010.8456
ARG_78	-1006.4638
ARG_79	-1012.9661
ARG_80	-1013.2076
ARG_81	-1013.105
ARG_82	-1011.593
ARG_83	-1012.0012
ARG_84	-1012.3558
ARG_85	-1011.8444
ARG_86	-1012.3263
ARG_87	-1012.7621
ARG_88	-1012.0117
ARG_89	-1012.5092
ARG_90	-1012.9434
ARG_91	-1013.7825
ARG_92	-1006.3414
ARG_93	-985.9972
ARG_94	-1014.0067
ARG_95	-1012.9675
ARG_96	-1012.6201
ARG_97	-1014.0632
ARG_98	-1014.5087
ARG_99	-1014.4626
ARG_100	-1012.7033
ARG_101	-1012.4393
ARG_102	-1011.6705
ARG_103	-1011.8269
ARG_104	-1011.8655
ARG_105	-1010.8984
ARG_106	-1008.3242
ARG_107	-1007.706
ARG_108	-1007.1352
ARG_109	-1011.9189
ARG_110	-1011.644
ARG_111	-1011.3525
ARG_112	-1011.6418
ARG_113	-1011.0229
ARG_114	-1010.5414
ARG_115	-1009.2679
ARG_116	-1007.5387
ARG_117	-1006.7772
ARG_118	-1013.0412
ARG_119	-1012.8031
ARG_120	-1012.5544
ARG_121	-1012.7585
ARG_122	-1011.9319
ARG_123	-1011.2365
ARG_124	-1010.4324
ARG_125	-1007.5541
ARG_126	-1006.1534
ARG_127	-1012.7599
ARG_128	-1012.7817
ARG_129	-1012.213
ARG_130	-1012.2759
ARG_131	-1012.3463
ARG_132	-1012.1744
ARG_133	-1011.213
ARG_134	-1011.6143
ARG_135	-1011.7389
ARG_136	-1012.8484
ARG_137	-1012.5878
ARG_138	-1012.108
ARG_139	-1012.4457
ARG_140	-1011.7684
ARG_141	-1010.9737
ARG_142	-1010.1493
ARG_143	-1008.006
ARG_144	-1006.4091
ARG_145	-997.3965
ARG_146	-1014.4173
ARG_147	-1012.9196
ARG_148	-896.3864
ARG_149	-1012.5909
ARG_150	-1012.2051
ARG_151	-605.2356
ARG_152	-999.0393
ARG_153	-1006.9494
ARG_154	-1010.5936
ARG_155	-1010.9393
ARG_156	-1009.9794
ARG_157	-1011.0233
ARG_158	-1011.11
ARG_159	-1010.688
ARG_160	-1010.1425
ARG_161	-1010.8637
ARG_162	-1010.9363
ARG_163	-1014.6768
ARG_164	-1014.4848
ARG_165	-1013.6986
ARG_166	-1014.2044
ARG_167	-1013.9416
ARG_168	-1013.3865
ARG_169	-1013.1208
ARG_170	-1013.1344
ARG_171	-1012.8881
ARG_172	-1011.0372
ARG_173	-1011.1268
ARG_174	-1010.433
ARG_175	-1011.207
ARG_176	-1011.2395
ARG_177	-1010.8615
ARG_178	-1010.8305
ARG_179	-1011.1125
ARG_180	-1011.021
ARG_181	-1013.0908
ARG_182	-1012.749
ARG_183	-1010.694
ARG_184	-1012.6926
ARG_185	-1012.7722
ARG_186	-1012.399
ARG_187	-1011.9334
ARG_188	-1012.5299
ARG_189	-1012.6883
ARG_190	-1012.2385
ARG_191	-1011.458
ARG_192	-1009.427
ARG_193	-1011.1545
ARG_194	-1009.889
ARG_195	-1008.5946
ARG_196	-1003.5864
ARG_197	-995.8749
ARG_198	-995.4728
ARG_199	-1014.2357
ARG_200	-1014.259
ARG_201	-1010.9577
ARG_202	-1015.6517
ARG_203	-1016.662
ARG_204	-1014.4932
ARG_205	-1016.3118
ARG_206	-1016.9304
ARG_207	-1015.309
ARG_208	-1004.2077
ARG_209	-1013.0928
ARG_210	-1011.0264
ARG_211	-1013.3025
ARG_212	-1012.9725
ARG_213	-1011.5327
ARG_214	-1012.4722
ARG_215	-1012.5398
ARG_216	-1011.6257
ARG_217	-1013.5787
ARG_218	-1013.0318
ARG_219	-1010.5705
ARG_220	-1014.4159
ARG_221	-1014.6867
ARG_222	-1013.7506
ARG_223	-1013.961
ARG_224	-1014.5759
ARG_225	-1014.6224
ARG_226	-1002.9712
ARG_227	-1012.5701
ARG_228	-1013.8011
ARG_229	-976.0461
ARG_230	-1004.4214
ARG_231	-1012.1052
ARG_232	-746.5388
ARG_233	-973.1334
ARG_234	-1006.7309
ARG_235	-1011.1694
ARG_236	-1010.9349
ARG_237	-1010.0716
ARG_238	-1010.3878
ARG_239	-1009.258
ARG_240	-1008.1128
ARG_241	-1004.7866
ARG_242	-998.2079
ARG_243	-996.1783
ARG_244	-1011.9562
ARG_245	-1011.7879
ARG_246	-1011.0843
ARG_247	-1011.2969
ARG_248	-1010.8607
ARG_249	-1010.1105
ARG_250	-1008.2716
ARG_251	-1006.1328
ARG_252	-1004.2746
ARG_253	-1010.8916
ARG_254	-1011.414
ARG_255	-1000.0895
ARG_256	-993.9603
ARG_257	-1006.0429
ARG_258	-1007.6542
ARG_259	-997.339
ARG_260	-1012.1369
ARG_261	-1014.5893
ARG_262	-1011.283
ARG_263	-1011.1405
ARG_264	-1010.1941
ARG_265	-1010.8608
ARG_266	-1010.0998
ARG_267	-1008.8346
ARG_268	-1006.7091
ARG_269	-1001.4068
ARG_270	-997.5144
ARG_271	-1013.86
ARG_272	-1013.4838
ARG_273	-1013.0582
ARG_274	-1013.0779
ARG_275	-1012.233
ARG_276	-1011.5374
ARG_277	-1008.4911
ARG_278	-1005.9379
ARG_279	-1005.0358
ARG_280	-1011.5822
ARG_281	-1011.4413
ARG_282	-1010.7664
ARG_283	-1010.7484
ARG_284	-1009.6118
ARG_285	-1008.7302
ARG_286	-1004.284
ARG_287	-997.2292
ARG_288	-995.7316
ARG_289	-1004.0836
ARG_290	-1013.6237
ARG_291	-1011.4341
ARG_292	-1013.9814
ARG_293	-1013.3136
ARG_294	-1011.8078
ARG_295	-1013.2574
ARG_296	-1012.7729
ARG_297	-1011.7942
ARG_298	-1007.0519
ARG_299	-1009.6708
ARG_300	-1007.7021
ARG_301	-974.8998
ARG_302	-974.6211
ARG_303	-990.2834
ARG_304	-1009.2845
ARG_305	-1008.2519
ARG_306	-1008.0969
ARG_307	-1012.0428
ARG_308	-1012.0372
ARG_309	-1009.7522
ARG_310	-1011.8507
ARG_311	-1011.9352
ARG_312	-1010.415
ARG_313	-1009.1815
ARG_314	-1003.9359
ARG_315	-942.234
ARG_316	-1012.8217
ARG_317	-1012.3622
ARG_318	-997.0279
ARG_319	-1011.4245
ARG_320	-1008.3805
ARG_321	-912.2978
ARG_322	-1004.5408
ARG_323	-987.1193
ARG_324	-527.9877
ARG_325	-1015.9639
ARG_326	-1015.1767
ARG_327	-1013.2951
ARG_328	-1016.4312
ARG_329	-1016.2366
ARG_330	-1015.3742
ARG_331	-1015.8034
ARG_332	-1015.5988
ARG_333	-1015.0563
ARG_334	-1008.5988
ARG_335	-1009.8041
ARG_336	-1010.6542
ARG_337	-848.6416
ARG_338	-965.3291
ARG_339	-963.4538
ARG_340	4485.07
ARG_341	-451.8061
ARG_342	2896.419
